,»óÈ£¸í,°æµµ,À§µµ
2454,½ºÅ¸¹÷½ºÁ¾·Î3°¡Á¡,126.99020724045499,37.570585018689606
13246,½ºÅ¸¹÷½º,129.070976956783,35.173285800223304
17837,½ºÅ¸¹÷½º¹ð¹ð»ç°Å¸®,127.032473020123,37.4885559134485
18523,½ºÅ¸¹÷½ºÄ¿ÇÇ¿©ÀÇµµIFC1F,126.924863083917,37.5251722235016
18527,½ºÅ¸¹÷½º,127.063878213052,37.5100378471739
19618,½ºÅ¸¹÷½º,126.930215862294,37.4838447505118
19930,½ºÅ¸¹÷½º½Å¸²»ç°Å¸®Á¡,126.930487328505,37.484631121894395
34106,½ºÅ¸¹÷½ºÄ¿ÇÇÈ«´ë¿ª,126.923599454067,37.5572017356505
46792,½ºÅ¸¹÷½º,127.02063474001801,37.5161838031466
49633,½ºÅ¸¹÷½º»õ¹®¾È·ÎÁ¡,126.974868861844,37.5697229770514
50705,½ºÅ¸¹÷½º,129.103526640392,35.1399848089797
50844,½ºÅ¸¹÷½º¿Ã¸²ÇÈÆòÈ­ÀÇ¹®Á¡,127.11631677592301,37.5157850739286
50878,½ºÅ¸¹÷½º,126.846035970796,37.532285335238704
51105,½ºÅ¸¹÷½º,126.89647871302,37.517449781640394
51107,½ºÅ¸¹÷½º,126.937543279963,37.552426380667
51719,½ºÅ¸¹÷½º,126.982159843769,37.5696599190406
52050,½ºÅ¸¹÷½º¿¬½Å³»¿ª,126.92010980759501,37.617800446052705
52186,½ºÅ¸¹÷½º,127.057100286394,37.5129393969289
54083,½ºÅ¸¹÷½º°¡¶ô½ÃÀå¿ªÁ¡,127.121533304074,37.4944057821458
54086,½ºÅ¸¹÷½º,127.061378960488,37.5957258221365
55285,½ºÅ¸¹÷½º¿¬¼¼¹é¾ç·ÎÁ¡,126.94291681751601,37.5638006863037
56390,½ºÅ¸¹÷½º,129.13297998235,35.1669618879898
57519,½ºÅ¸¹÷½º,126.92021918816499,37.527905068142
57820,½ºÅ¸¹÷½º,126.92335679189101,37.491423339167795
59084,½ºÅ¸¹÷½º,127.055213389641,37.496615204091
59274,½ºÅ¸¹÷½º,127.02682889654498,37.4982589797032
59475,½ºÅ¸¹÷½º¸íÁö´ëÁ¡,126.92232239793002,37.578283364060795
59906,½ºÅ¸¹÷½º,127.040441763055,37.6018196933437
60168,½ºÅ¸¹÷½º¼®ÃÌ¿ª,127.10601340660801,37.5042460725183
60313,½ºÅ¸¹÷½º,129.16660481764401,35.1602158913492
60503,½ºÅ¸¹÷½º,126.969202890528,37.5635826036441
60531,½ºÅ¸¹÷½º,126.93927795426599,37.5561993158556
60974,½ºÅ¸¹÷½º¿¬´ëµ¿¹®,126.946321109963,37.5664080915476
61918,½ºÅ¸¹÷½º,129.093067550223,35.1349506851431
62007,½ºÅ¸¹÷½º,126.95030147676901,37.5642810556138
62158,½ºÅ¸¹÷½º,127.021572760891,37.4859161526789
62232,½ºÅ¸¹÷½º¾Ð±¸Á¤·Îµ¥¿À¿ª,127.040513119755,37.5265378643378
62274,½ºÅ¸¹÷½º,127.05143962260401,37.518687851269
62856,½ºÅ¸¹÷½º,127.00563260758001,37.533412670302795
63435,½ºÅ¸¹÷½º,126.844334259983,37.5582364999702
63821,½ºÅ¸¹÷½º,127.041239849867,37.51660515603879
63958,½ºÅ¸¹÷½º¼­¿ï´ëÀÔ±¸¿ªÁ¡,126.95131919862499,37.4811055353469
64102,½ºÅ¸¹÷½º½Å¸²Á¡,126.929154905595,37.4860877636316
64458,½ºÅ¸¹÷½º,127.027735014225,37.4955362431632
64751,½ºÅ¸¹÷½º»ç´çÁ¡,126.98100003205201,37.476049031304896
64818,½ºÅ¸¹÷½º,126.968622139719,37.56711862235971
64967,½ºÅ¸¹÷½º,127.03300049334801,37.494128761553
65014,½ºÅ¸¹÷½º,127.030747660126,37.586098403696106
65437,½ºÅ¸¹÷½º,126.889681386224,37.519656701052206
65819,½ºÅ¸¹÷½º,127.087179393284,37.545298278221104
66711,½ºÅ¸¹÷½º±¤ÀåÁ¡,127.099644411941,37.542952126691105
66969,½ºÅ¸¹÷½º,126.861799100259,37.5581809080942
67355,½ºÅ¸¹÷½º½ÅÃÌ¸í¹°°Å¸®Á¡,126.938123543095,37.557792789787705
67668,½ºÅ¸¹÷½º,128.96820842757901,35.1071585390814
68530,½ºÅ¸¹÷½º¸íµ¿¹Ì·¡,126.984532402493,37.5641659751905
68544,½ºÅ¸¹÷½º,127.01433114617399,37.56539165332121
68554,½ºÅ¸¹÷½º,127.06190405786,37.4933436201599
69265,½ºÅ¸¹÷½º,127.07902912050501,37.510526383519
69363,½ºÅ¸¹÷½º°Ç±¹Å¬·¡½ÄÁ¡,127.070902015585,37.538350363970004
70602,½ºÅ¸¹÷½º¿¬ÈñDTÁ¡,126.933883655016,37.570188911496395
70755,½ºÅ¸¹÷½º,127.077541387095,37.61382904924471
70839,½ºÅ¸¹÷½º»ï¼±±³Á¡,127.007320332261,37.5887239609069
71801,½ºÅ¸¹÷½º,127.099535260634,37.515324937270705
71939,½ºÅ¸¹÷½º,126.99245761598,37.4900145248382
72026,½ºÅ¸¹÷½º,127.031701809695,37.5884849860916
72091,½ºÅ¸¹÷½º,126.975395770913,37.5585276043331
72295,½ºÅ¸¹÷½º,129.065885085962,35.1465053091219
72818,½ºÅ¸¹÷½ºÄ¿ÇÇ¿©ÀÇµµÈ£¼º,126.92927506344101,37.5204367716676
73088,½ºÅ¸¹÷½º¿Ã¸²ÇÈ°ø¿øºÏ¹®Á¡,127.12593214503599,37.5254709132425
73259,½ºÅ¸¹÷½ºÃæÁ¤Å¸¿ö,126.964069882556,37.5598884579046
73805,½ºÅ¸¹÷½ºÁ¾°¢Á¡,126.984521790682,37.5699505724323
74258,½ºÅ¸¹÷½º,127.052704674305,37.5134718899824
74468,½ºÅ¸¹÷½º,127.101842066177,37.488013362892396
74653,½ºÅ¸¹÷½º,129.114207648607,35.1483240681641
75706,½ºÅ¸¹÷½º¹æ¹èÄ«ÆäÀÔ±¸,126.985676893834,37.4972370082012
75755,½ºÅ¸¹÷½ºÀÌ¼ö¿ªÁ¡,126.98268993664401,37.4864978042431
76756,½ºÅ¸¹÷½º,126.983312623474,37.5656331860355
76901,½ºÅ¸¹÷½º,129.01321456748698,35.2336891168998
77655,½ºÅ¸¹÷½º,129.10688496437598,35.1959122197564
77849,½ºÅ¸¹÷½º,126.88766254860799,37.4773156374838
79769,½ºÅ¸¹÷½º,129.063806565928,35.1377349832092
80025,½ºÅ¸¹÷½º,129.088756366931,35.2305273611084
80895,½ºÅ¸¹÷½º,127.035741342646,37.5149114670439
82467,½ºÅ¸¹÷½º,127.06915882226299,37.5356695214728
82791,½ºÅ¸¹÷½ºÃµÈ£·Îµ¥¿ÀÁ¡,127.12731542401,37.537834630463706
82814,½ºÅ¸¹÷½º¸¶Æ÷ÀÏÁøºôµùÁ¡,126.946358128038,37.5404674503959
82871,½ºÅ¸¹÷½º,129.063616002244,35.1542952546818
83320,½ºÅ¸¹÷½º,126.98645348123699,37.579437112041
83557,½ºÅ¸¹÷½º¿ë»ê¿ªÁ¡,126.963222625326,37.527902979157
83826,½ºÅ¸¹÷½º,127.03379242321199,37.4993703754632
84466,½ºÅ¸¹÷½º¸íµ¿¸ÞÆ®·Î,126.983715734748,37.56512306293929
85224,½ºÅ¸¹÷½º,129.028040761744,35.0989679423748
85593,½ºÅ¸¹÷½º,127.026107842176,37.638023076730704
85721,½ºÅ¸¹÷½ºÁß°è¿ªÁ¡,127.06215871021001,37.6481544698442
85941,½ºÅ¸¹÷½º,129.060561433144,35.1979853362218
86133,½ºÅ¸¹÷½º,127.023626959081,37.5053148456229
86665,½ºÅ¸¹÷½º,127.034941231236,37.499740188400104
87332,½ºÅ¸¹÷½º¸¶Æ÷¾ÆÅ©·ÎÅ¸¿öÁ¡,126.949139204869,37.5414563490381
87345,½ºÅ¸¹÷½º,127.012347140463,37.4806673259512
88062,½ºÅ¸¹÷½º,126.998542320991,37.4992570081851
88149,½ºÅ¸¹÷½º,127.065476564871,37.562347565345995
88403,½ºÅ¸¹÷½º,126.94031422834,37.5565510166296
88645,½ºÅ¸¹÷½º,129.008502470617,35.2106799840775
89328,½ºÅ¸¹÷½º,129.167401483699,35.1660401471884
89424,½ºÅ¸¹÷½º,128.994252485597,35.098402408862704
91593,½ºÅ¸¹÷½º,127.00388696534999,37.5829644184897
92355,½ºÅ¸¹÷½º³²ºÎÅÍ¹Ì³Î2Á¡,127.014197798445,37.4843861241449
93150,½ºÅ¸¹÷½º,127.021629292234,37.5231842055575
93197,½ºÅ¸¹÷½º,126.899952047656,37.5351335863576
93687,½ºÅ¸¹÷½ºÁß¶û±¸Ã»Á¡,127.095653136278,37.605400319519
94397,½ºÅ¸¹÷½º,127.006957982903,37.5102488124166
94651,½ºÅ¸¹÷½º,127.051571721037,37.524338516437794
94780,½ºÅ¸¹÷½º±¸·ÎµðÁöÅÐ·ÎÁ¡,126.89549862342399,37.4856968115932
94920,½ºÅ¸¹÷½º,127.007826111215,37.504480361962706
95634,½ºÅ¸¹÷½ºÁ¾·Î°ü¼öÁ¡,126.98865644043,37.569742784871
95707,½ºÅ¸¹÷½º³íÇöÈúÅ¾,127.032255003449,37.5115850987019
95816,½ºÅ¸¹÷½º,127.045116281379,37.4778100339866
95834,½ºÅ¸¹÷½º,126.839290175551,37.5601782971845
98368,½ºÅ¸¹÷½º,126.85127939869899,37.5548262918983
99008,½ºÅ¸¹÷½º»ï¼ºµµ½É°øÇ×Á¡,127.057908690998,37.5098191857712
99305,½ºÅ¸¹÷½º,129.05350264406601,35.1641186549401
99930,½ºÅ¸¹÷½ººÎ»ê¼­¸é,129.061572243583,35.1541148726858
100689,½ºÅ¸¹÷½º,129.061929762609,35.1579787122775
100964,½ºÅ¸¹÷½º,127.079012895356,37.5569305034381
101637,½ºÅ¸¹÷½º,126.98924122654199,37.5339943503067
102829,½ºÅ¸¹÷½º,129.031126982977,35.101916365280296
103205,½ºÅ¸¹÷½ºÁ¾·Î2°¡Á¡,126.98733102125799,37.570650485064796
103629,½ºÅ¸¹÷½º¼±Á¤¸ª¿ªÁ¡,127.044549435311,37.5107751239617
104532,½ºÅ¸¹÷½º,126.92104776983601,37.530075143753294
104874,½ºÅ¸¹÷½º,127.03074553868099,37.514600260375204
107075,½ºÅ¸¹÷½º,129.129106584707,35.1686565992762
107814,½ºÅ¸¹÷½º¹Ì¾Æ¿ªÁ¡,127.026557543462,37.626133124926
108402,½ºÅ¸¹÷½º,127.057925714358,37.505764570423295
108410,½ºÅ¸¹÷½º,127.04671604196899,37.504953793129296
108433,½ºÅ¸¹÷½º,126.98135149187901,37.4784758997485
109105,½ºÅ¸¹÷½º,127.07597743114201,37.6504980859283
110225,½ºÅ¸¹÷½º,126.979941681875,37.5662979098695
111461,½ºÅ¸¹÷½º,126.88506813730899,37.47843551394
111763,½ºÅ¸¹÷½º,127.029688991151,37.58391819363
112007,½ºÅ¸¹÷½º,127.060001689909,37.654759905279604
112348,½ºÅ¸¹÷½º¿ª»ï·°Å°,127.039391664754,37.492225610599704
113882,½ºÅ¸¹÷½ºÄ¿ÇÇ½Åµµ¸²µðÅ¥ºê½ÃÆ¼B2,126.888484621418,37.508058038284105
114427,½ºÅ¸¹÷½º,127.002715512416,37.5833599952328
114616,½ºÅ¸¹÷½º,127.037277378321,37.5018857412981
114788,½ºÅ¸¹÷½º,126.99757784334,37.53501151039261
119102,½ºÅ¸¹÷½º±¸·Î¿¡ÀÌ½ºÆ®À©Å¸¿ö1Á¡,126.89448759134501,37.4844799519315
119671,½ºÅ¸¹÷½ºÀ»Áö·ÎÀÔ±¸,126.98321208809901,37.567200132973
119843,½ºÅ¸¹÷½º,129.08334393401898,35.186967040359896
119879,½ºÅ¸¹÷½º±³´ë¿ªÁ¡,127.01395530164,37.4942326373696
120267,½ºÅ¸¹÷½º,129.08067749081698,35.185431465132
121929,½ºÅ¸¹÷½º,128.964921349219,35.1130529132018
122104,½ºÅ¸¹÷½º,126.982156500678,37.561586555079
122173,½ºÅ¸¹÷½º,129.035939326781,35.105165459591106
122339,½ºÅ¸¹÷½º,127.056016389771,37.590844453232
122796,½ºÅ¸¹÷½º,126.975510103913,37.563403234147295
123167,½ºÅ¸¹÷½º,127.02062762815201,37.511534314154396
123322,½ºÅ¸¹÷½º³²»ê½ºÅ×ÀÌÆ®,126.982911122996,37.5601964424547
123366,½ºÅ¸¹÷½º±¸·ÎÇÏÀÌ¿£µåÁ¡,126.89346712375,37.4816050678561
123622,½ºÅ¸¹÷½º,127.03388010250099,37.5627419871963
123871,½ºÅ¸¹÷½º¸íÀÏÀÌ¸¶Æ®Á¡,127.155987402893,37.5540007430118
124059,½ºÅ¸¹÷½º¸ñµ¿Á¡,126.87853714619499,37.5363828248169
124109,½ºÅ¸¹÷½ºÁ¶¼±È£ÅÚÈÄ¹®,126.980757256014,37.5637640159767
124464,½ºÅ¸¹÷½º»ï¼º±³Á¡,127.06517279917101,37.5078134808243
125108,½ºÅ¸¹÷½º,126.96905272236299,37.5210700185566
125614,½ºÅ¸¹÷½º¼­¿ï±³´ëÁ¡,127.015152866623,37.4874306484335
125985,½ºÅ¸¹÷½º,129.058933915872,35.1554810356709
127018,½ºÅ¸¹÷½º,126.929088635937,37.5223993583573
127060,½ºÅ¸¹÷½ºÄ¿¸®ÇÐµ¿»ç°Å¸®Á¡,127.03795294353701,37.5223902189029
127394,½ºÅ¸¹÷½º,127.048515927976,37.5039411013992
127712,½ºÅ¸¹÷½º,127.011539185408,37.5016551524635
129056,½ºÅ¸¹÷½º,127.014217033954,37.492387659064704
130097,½ºÅ¸¹÷½º,126.99164569051099,37.5696872619054
130945,½ºÅ¸¹÷½º°­ºÏ±¸Ã»»ç°Å¸®Á¡,127.02732798436001,37.64003343807929
131406,½ºÅ¸¹÷½º,129.069277594677,35.1701008815796
132660,½ºÅ¸¹÷½º,126.98598268804301,37.5690710988316
133905,½ºÅ¸¹÷½ºÃ»´ã»ç°Å¸®Á¡,127.046850137088,37.523759873683204
134322,½ºÅ¸¹÷½º,129.131543320869,35.1678496582993
134436,½ºÅ¸¹÷½º¹æÀÌ¿ªÁ¡,127.12663853234301,37.5085452424071
134844,½ºÅ¸¹÷½º,129.131457070193,35.1719247156101
135656,½ºÅ¸¹÷½º,127.02789685336398,37.5240469060232
135663,½ºÅ¸¹÷½º,127.12519757952101,37.538963301202
135971,½ºÅ¸¹÷½º,129.077497589889,35.1957265804807
136255,½ºÅ¸¹÷½ºÁ¾·ÎÆòÃ¢,126.966763285432,37.60579292442
136300,½ºÅ¸¹÷½º¼­ÃÊÆÄ¶ó°ïÁ¡,127.027403494967,37.494938817542
137002,½ºÅ¸¹÷½º°­º¯¿ªÁ¡,127.09257856655898,37.5358608133798
137404,½ºÅ¸¹÷½º¿Ã¸²ÇÈ°ø¿ø³²¹®Á¡,127.122996982138,37.5133299197545
137836,½ºÅ¸¹÷½º,129.084581127286,35.2321242300263
138114,½ºÅ¸¹÷½º,127.03685006085699,37.482320316786705
138188,½ºÅ¸¹÷½º½Å¾Ð±¸Á¤Á¡,127.036420025086,37.5281084112342
138584,½ºÅ¸¹÷½º¸íµ¿Áß¾Ó·Î,126.98573772021099,37.5637618569889
138813,½ºÅ¸¹÷½º,126.972909348137,37.551667085451896
138949,½ºÅ¸¹÷½º,126.974644933829,37.5629361919446
139488,½ºÅ¸¹÷½º±¤È­¹®¿ªÁ¡,126.978892919429,37.5709832679583
141241,½ºÅ¸¹÷½º,126.936695631183,37.5587170195711
141396,½ºÅ¸¹÷½º,129.084752652172,35.2639773430004
141427,½ºÅ¸¹÷½º,127.025481611828,37.5001130565393
141940,½ºÅ¸¹÷½º,126.927827696628,37.518810771131896
143020,½ºÅ¸¹÷½º,126.874681763736,37.527146542209294
143459,½ºÅ¸¹÷½º¼­¼Ò¹®¹èÀç,126.972166856166,37.562878601942
143631,½ºÅ¸¹÷½º,129.04083096793198,35.1163460024434
144641,½ºÅ¸¹÷½º,126.99763090593399,37.4819850802876
144662,½ºÅ¸¹÷½º,127.05347904535299,37.5399239940305
144850,½ºÅ¸¹÷½º,126.978966379844,37.5738942645562
145667,½ºÅ¸¹÷½º,128.966072638306,35.10649952124739
145737,½ºÅ¸¹÷½º¼¼Á¾·ÎÁ¡,126.986427620709,37.569651586387
145983,½ºÅ¸¹÷½º¿©ÀÇµµÁ¡,126.92448295062799,37.524069489011104
146075,½ºÅ¸¹÷½ºÄ¿ÇÇ°¡»ê±×·¹ÀÌÆ®,126.887266473346,37.4796276001816
146675,½ºÅ¸¹÷½º,127.124132813668,37.538090395314896
147035,½ºÅ¸¹÷½º°æº¹±Ã¿ª,126.972615705273,37.5771730114202
148777,½ºÅ¸¹÷½º,129.143357288326,35.1570573391424
149789,½ºÅ¸¹÷½º,129.144841326609,35.1572236013279
151401,½ºÅ¸¹÷½º,127.094467266876,37.510663766936496
151448,½ºÅ¸¹÷½ºÀ»Áö·Î¼¾Å¸,126.984890874694,37.5669442676094
151872,½ºÅ¸¹÷½º¿¹¼úÀÇÀü´çÁ¡,127.013483063726,37.4811273444246
153281,½ºÅ¸¹÷½º,126.964616455685,37.563740698234895
153923,½ºÅ¸¹÷½ºÁß¶û¿ªÁ¡,127.074728919101,37.5930740403772
156123,½ºÅ¸¹÷½º»óºÀ¿ªÁ¡,127.086458400452,37.596931775537
157641,½ºÅ¸¹÷½ºÇÐ¿©¿ïÁ¡,127.068507100293,37.4979912661689
157845,½ºÅ¸¹÷½º,126.982147054224,37.477338416297606
157900,½ºÅ¸¹÷½º,127.072944230258,37.5369968145663
166483,½ºÅ¸¹÷½º,127.08401043594,37.53700207580479
166821,½ºÅ¸¹÷½º,129.016614121195,35.076150538042
169159,½ºÅ¸¹÷½º,126.91852318601102,37.6342747302578
169733,½ºÅ¸¹÷½º,129.177196603733,35.3213861959829
171331,½ºÅ¸¹÷½º,126.92664807468,37.6010828997358
172148,½ºÅ¸¹÷½º±ÝÁ¤ÀÌ¸¶Æ®Á¡,129.090709288601,35.2500336085006
172342,½ºÅ¸¹÷½º¼÷´ëÀÔ±¸¿ªÁ¡,126.971925105405,37.5442249085445
172512,½ºÅ¸¹÷½º½ÅÃµ¿ªÁ¡,127.081200820667,37.5114533637489
178404,½ºÅ¸¹÷½º,129.175636324032,35.172297199015695
178782,½ºÅ¸¹÷½º,126.925522181434,37.491037581936
184211,½ºÅ¸¹÷½º,129.060324769688,35.1518633004325
184391,½ºÅ¸¹÷½ºÄ¿ÇÇ½Åµµ¸²µðÅ¥ºê½ÃÆ¼2F,126.888484621418,37.508058038284105
184663,½ºÅ¸¹÷½º¼­¸éÁß¾ÓÁ¡,129.05810710213498,35.1568944317952
184920,½ºÅ¸¹÷½º,129.150748800901,35.158186196302
185265,½ºÅ¸¹÷½º,129.05741873197098,35.157982112702
186533,½ºÅ¸¹÷½º°¡µçÆÄÀÌºê,127.119370608348,37.4782606521025
187034,½ºÅ¸¹÷½ºÄ¿ÇÇ°¡»êºêÀÌÅ¸¿ö,126.88368419181002,37.477224052987296
187097,½ºÅ¸¹÷½ºµ¿±³»ï°Å¸®Á¡,126.927345295972,37.5588126454804
187258,½ºÅ¸¹÷½º,127.04065256742399,37.502390759891895
187602,½ºÅ¸¹÷½ºÂ÷º´¿ø»ç°Å¸®Á¡,127.035354656802,37.5080422802738
188894,½ºÅ¸¹÷½º,127.034276237521,37.6013098726705
193133,½ºÅ¸¹÷½º,127.032473020123,37.4885559134485
195405,½ºÅ¸¹÷½º¼¾ÅÒ½Å¼¼°èB1,129.129106584707,35.1686565992762
196469,½ºÅ¸¹÷½º,127.118768373869,37.4948807737535
196470,½ºÅ¸¹÷½º,126.99390762123899,37.5614259780878
197428,½ºÅ¸¹÷½º,127.03922281909901,37.5018745487421
197698,½ºÅ¸¹÷½º,127.028725560472,37.6083915431599
198011,½ºÅ¸¹÷½º,127.025555471117,37.5031321984073
198061,½ºÅ¸¹÷½º,127.04035282204599,37.509020089374204
199279,½ºÅ¸¹÷½º¼®ÃÌ¼­È£Á¡,127.09661166466199,37.506364117999794
203610,½ºÅ¸¹÷½º,129.022616147254,35.152872492408
204109,½ºÅ¸¹÷½ºµ¿±³Á¡,126.91999426097,37.5568354275046
248269,½ºÅ¸¹÷½º,127.0169304208,37.484670199789
269208,½ºÅ¸¹÷½º,126.91379921375099,37.587512925717704
295862,½ºÅ¸¹÷½º,126.891573330001,37.5148809280747
300099,½ºÅ¸¹÷½º,129.03087640028602,35.1011793456285
319399,½ºÅ¸¹÷½º,129.120873725565,35.1550590422778
319400,½ºÅ¸¹÷½º,127.061966366957,37.6265010290164
319836,½ºÅ¸¹÷½º,126.920491206786,37.600819505627605
372124,½ºÅ¸¹÷½º»óÀÏµ¿Á¡,127.174086955006,37.5507137314169
372184,½ºÅ¸¹÷½º,129.057298904942,35.1529624007867
372192,½ºÅ¸¹÷½º,129.0167602861,35.1126652517405
372230,½ºÅ¸¹÷½º,127.08896902025299,37.6287759891336
372255,½ºÅ¸¹÷½º,129.08560153654,35.2213075406717
372349,½ºÅ¸¹÷½º,129.132482667416,35.1698870198936
372406,½ºÅ¸¹÷½º,127.038880731616,37.4959157868406
372432,½ºÅ¸¹÷½º±¤È­¹®Á¡,126.976285499202,37.5712580290613
372493,½ºÅ¸¹÷½º±¸»ê¿ªÁ¡,126.91769325535299,37.611813488737795
372505,½ºÅ¸¹÷½º,128.983425647611,35.1639866756647
372521,½ºÅ¸¹÷½º,126.984173416485,37.5689293983818
372552,½ºÅ¸¹÷½º,127.054163435442,37.4892992237675
372554,½ºÅ¸¹÷½º½ÅÃÌÁ¡,126.93710095594801,37.5564770804222
372555,½ºÅ¸¹÷½º,126.89152671903798,37.4859028941571
372581,½ºÅ¸¹÷½º¼þ½Ç´ëÁ¡,126.95483994085899,37.4954003760894
372601,½ºÅ¸¹÷½º,129.10064436277,35.1370003770109
372636,½ºÅ¸¹÷½º,126.99178677323201,37.528970243763105
372655,½ºÅ¸¹÷½º,129.059921644154,35.1580143250476
372660,½ºÅ¸¹÷½º,129.159540011725,35.15970683306411
372749,½ºÅ¸¹÷½º,126.90187402177,37.5344666842402
372771,½ºÅ¸¹÷½º,127.02336846793699,37.517341764932205
372786,½ºÅ¸¹÷½º,129.170782232651,35.161437524362
372823,½ºÅ¸¹÷½º,127.002321047314,37.5815275489605
372868,½ºÅ¸¹÷½º,128.964199624224,35.048941192239496
372893,½ºÅ¸¹÷½º»ó¾ÏDMC¼¾Æ®·²¸ôÁ¡,126.89082837975201,37.577396950319205
372921,½ºÅ¸¹÷½º¿ª»ï¿ªÁ¡,127.03517761074801,37.500706248524295
372946,½ºÅ¸¹÷½º,129.18232239807,35.1579362612154
372959,½ºÅ¸¹÷½º,127.02590362191299,37.4980981742341
372965,½ºÅ¸¹÷½º»ïÃ»µ¿Á¡,126.98176480007099,37.5853706511239
373007,½ºÅ¸¹÷½º,127.01344801826099,37.509582355568796
373008,½ºÅ¸¹÷½º,127.02967923943199,37.4964803158248
373114,½ºÅ¸¹÷½º,127.14002383238001,37.538711780898204
373248,½ºÅ¸¹÷½ºÇÕÁ¤¿ªÁ¡,126.914290352579,37.5490071488809
373253,½ºÅ¸¹÷½º,127.070714543377,37.5406916237944
373265,½ºÅ¸¹÷½º,127.06271995383301,37.5076859164741
373329,½ºÅ¸¹÷½º,127.106087855114,37.547308115427704
373388,½ºÅ¸¹÷½ºÈ«´ë»ï°Å¸®Á¡,126.92325869850401,37.5502065639045
373428,½ºÅ¸¹÷½ºÃ»·®¸®¿ªÁ¡,127.044812040364,37.5797615830621
373501,½ºÅ¸¹÷½º,126.929700867318,37.522305793403895
373565,½ºÅ¸¹÷½º¸ñµ¿5´ÜÁöÁ¡,126.882197957914,37.536732898438395
373585,½ºÅ¸¹÷½º¼®ÃÌÈ£¼öÁ¡,127.105216364301,37.5094301379565
373610,½ºÅ¸¹÷½º,126.924866123909,37.5533297985066
373680,½ºÅ¸¹÷½º,126.898837323937,37.4831780131692
373724,½ºÅ¸¹÷½º,126.926163737378,37.520462586264294
373766,½ºÅ¸¹÷½º,126.91393744150601,37.551490770997795
373827,½ºÅ¸¹÷½º´ëÄ¡Á¡,127.06222129600701,37.4996265116081
373925,½ºÅ¸¹÷½º,127.013361956833,37.496354172193705
373951,½ºÅ¸¹÷½º,129.202282582024,35.180742924137995
373954,½ºÅ¸¹÷½º±¤¿î´ëÁ¡,127.060705412335,37.623175176207106
375823,½ºÅ¸¹÷½º,126.966763285432,37.60579292442
375979,½ºÅ¸¹÷½º,129.030019517315,35.0984553759406
377658,½ºÅ¸¹÷½º,127.02634146934601,37.5870983380348
378646,½ºÅ¸¹÷½º,126.972166856166,37.562878601942
378752,½ºÅ¸¹÷½º¼÷´ëÁ¡,126.967303679485,37.544544998587604
378835,½ºÅ¸¹÷½º,127.083043549277,37.5374180669265
379303,½ºÅ¸¹÷½º,127.00239321346001,37.5039300142165
379317,½ºÅ¸¹÷½º,129.061572243583,35.1541148726858
382575,½ºÅ¸¹÷½º,129.12702668665702,35.1746431258659
382590,½ºÅ¸¹÷½º,127.007423858098,37.5092345394587
383142,½ºÅ¸¹÷½º,129.13603906341,35.1690785295441
383184,½ºÅ¸¹÷½º,127.04376206975901,37.503335049003795
383216,½ºÅ¸¹÷½º,126.978972751429,37.5676230751955
383240,½ºÅ¸¹÷½º,127.08796056733401,37.5796252940301
383315,½ºÅ¸¹÷½º,127.034868675382,37.6483488366145
383320,½ºÅ¸¹÷½º±æµ¿»ç°Å¸®Á¡,127.138395512206,37.5346811988164
383336,½ºÅ¸¹÷½º,126.91070635656601,37.5557679688127
383414,½ºÅ¸¹÷½º,126.97298024232501,37.5613448991997
383482,½ºÅ¸¹÷½º,127.04257559708799,37.481988408185295
383537,½ºÅ¸¹÷½ºÀá½ÇÁ¡,127.103446561974,37.5174361339672
383601,½ºÅ¸¹÷½º,127.03471675846201,37.5268330299984
383702,½ºÅ¸¹÷½º°¡»êµðÁöÅÐ´ÜÁöÁ¡,126.882626013373,37.4799532337125
383709,½ºÅ¸¹÷½º±ÝÃµµ¶»êÁ¡,126.895609328207,37.4689563671665
383711,½ºÅ¸¹÷½º,126.976779068076,37.562486166009705
383715,½ºÅ¸¹÷½º,129.176689134256,35.1691772216307
383753,½ºÅ¸¹÷½º³ë¿øÄÉÀÌÆ¼Á¡,127.063825860056,37.6543668305308
383806,½ºÅ¸¹÷½º¿À¸ñ±³¿ªÁ¡,126.876766269365,37.5239406644723
383878,½ºÅ¸¹÷½ºÇÑ¼º´ëÀÔ±¸¿ªÁ¡,127.004904251791,37.58904601155471
383925,½ºÅ¸¹÷½º¼­±³Á¡,126.91690425281,37.5513738575528
383936,½ºÅ¸¹÷½º,129.061903308303,35.1618549283166
383977,½ºÅ¸¹÷½º,126.973244053454,37.5586170363758
383985,½ºÅ¸¹÷½º,126.909582972668,37.518670766386
384005,½ºÅ¸¹÷½º¼ÛÆÄ»ç°Å¸®Á¡,127.110334770409,37.502269334236004
384193,½ºÅ¸¹÷½º,129.035150801164,35.0983215343327
384220,½ºÅ¸¹÷½º,126.844849844365,37.4962051540044
384270,½ºÅ¸¹÷½º,129.058596888446,35.1413230864786
384484,½ºÅ¸¹÷½º,126.989422726707,37.533959861770896
385526,½ºÅ¸¹÷½º,126.98977527763701,37.5640127255487
387541,½ºÅ¸¹÷½ºIFC¸ôÁ¡,126.924863083917,37.5251722235016
387801,½ºÅ¸¹÷½º,127.030957744251,37.5864875767796
387860,½ºÅ¸¹÷½º,128.968265719907,35.1073654053936
387862,½ºÅ¸¹÷½ºÈ²ÇÐÄ³½½Á¡,127.021448203321,37.5708030625306
388559,½ºÅ¸¹÷½º,127.08957883163201,37.490334340869495
388656,½ºÅ¸¹÷½ºÄÚ¿¢½º»ç°Å¸®Á¡,127.06019337998899,37.5152437173541
389671,½ºÅ¸¹÷½º,127.056219039363,37.508364008586895
390076,½ºÅ¸¹÷½º,129.03980925832,35.112776211508
390561,½ºÅ¸¹÷½º,126.972615705273,37.5771730114202
390763,½ºÅ¸¹÷½º,127.048406096675,37.4992276933378
390908,½ºÅ¸¹÷½º,127.102911969818,37.544130344049
391645,½ºÅ¸¹÷½º,126.983083260827,37.5608556864363
392505,½ºÅ¸¹÷½º,126.897257447574,37.568275645267704
392600,½ºÅ¸¹÷½º,127.07204319614999,37.541224682309704
392893,½ºÅ¸¹÷½º,127.03773377270201,37.501574090614206
392967,½ºÅ¸¹÷½º¾Ð±¸Á¤·Îµ¥¿À¿ªÁ¡,127.040513119755,37.5265378643378
393132,½ºÅ¸¹÷½º,129.067558785576,35.153656645285004
393264,½ºÅ¸¹÷½º,129.128462304753,35.1720788458596
393854,½ºÅ¸¹÷½º°­³²¿¡ºñ´ºÁ¡,127.02388692547399,37.502721958552
394331,½ºÅ¸¹÷½º,126.981226721716,37.57500405238
394968,½ºÅ¸¹÷½º¿¬½Å³»¿ªÁ¡,126.92010980759501,37.617800446052705
396330,½ºÅ¸¹÷½º,127.055580896323,37.50694425070989
396777,½ºÅ¸¹÷½º,127.057395337984,37.4921723983972
397699,½ºÅ¸¹÷½º»ó¾ÏµðÁöÅÐÅ¥ºêÁ¡,126.889225742053,37.576300640514795
397758,½ºÅ¸¹÷½º,127.03093125807399,37.4897326719337
398019,½ºÅ¸¹÷½º,126.98563245418,37.5773666774701
399471,½ºÅ¸¹÷½º,126.903914224263,37.517212666105706
400137,½ºÅ¸¹÷½º,127.0511760602,37.503764266198395
400390,½ºÅ¸¹÷½º,126.9858514681,37.562050853336395
400618,½ºÅ¸¹÷½º,126.870595896767,37.528008576720204
401687,½ºÅ¸¹÷½º,127.05913910242799,37.5118203253706
401706,½ºÅ¸¹÷½ºÁ¾·Î¼ö¼ÛÁ¡,126.98068354236601,37.5716655130709
402455,½ºÅ¸¹÷½º¸¶Æ÷Æ®¶óÆÓÁ¡,126.95550656842501,37.552244261774604
402660,½ºÅ¸¹÷½º,126.985676893834,37.4972370082012
402911,½ºÅ¸¹÷½º,126.832196508633,37.5295182620174
403474,½ºÅ¸¹÷½º,126.923207056972,37.547502973067104
403671,½ºÅ¸¹÷½º¿£ÅÍ½Ä½ºÇÑ¾ç´ëÁ¡,127.040008574127,37.557070331727
407920,½ºÅ¸¹÷½º,127.028627805482,37.5191511988017
408124,½ºÅ¸¹÷½º,126.923245387766,37.551918417829796
408868,½ºÅ¸¹÷½º,127.082546387004,37.537360142267296
409941,½ºÅ¸¹÷½ºµ¿¿©ÀÇµµÁ¡,126.93177854364299,37.520198138511795
411219,½ºÅ¸¹÷½º¹Ì¾Æ»ç°Å¸®¿ªÁ¡,127.03068549429199,37.611840615050504
413641,½ºÅ¸¹÷½º¼Ò°ø·ÎºÏÃ¢Á¡,126.97892425905,37.563712135123794
414425,½ºÅ¸¹÷½ºÆ÷½ºÄÚ»ç°Å¸®Á¡,127.057428066223,37.5075627123392
416069,½ºÅ¸¹÷½º,127.033983452137,37.6011813308853
416619,½ºÅ¸¹÷½ºÈ­°îµ¿Á¡,126.83756898643298,37.5405548865621
416735,½ºÅ¸¹÷½º½Å¼³µ¿¿ªÁ¡,127.02550323167802,37.5767024003417
417002,½ºÅ¸¹÷½º,129.07206987370702,35.207186283523
417237,½ºÅ¸¹÷½º,127.126233039197,37.4918996397466
419177,½ºÅ¸¹÷½º,126.99050928001002,37.49194416824479
419639,½ºÅ¸¹÷½º,126.98785574876001,37.5511113627592
419876,½ºÅ¸¹÷½º,129.081252384634,35.196504358585294
420246,½ºÅ¸¹÷½º,126.923429755471,37.523357078957
420494,½ºÅ¸¹÷½º¼­±³µ¿»ç°Å¸®Á¡,126.918561136612,37.553407372579606
421168,½ºÅ¸¹÷½º,127.039391664754,37.492225610599704
421994,½ºÅ¸¹÷½º,128.903180537101,35.0840433496121
422786,½ºÅ¸¹÷½º,127.09250549276199,37.597870460692
424617,½ºÅ¸¹÷½ºµ¿¹¦¾Õ¿ªÁ¡,127.016068581604,37.5727136114594
426240,½ºÅ¸¹÷½º,126.89459081557101,37.537300079323
426410,½ºÅ¸¹÷½º,126.97785493719,37.5674151730747
429544,½ºÅ¸¹÷½ºµÐÃÌµ¿Á¡,127.133928149649,37.52276357105271
429696,½ºÅ¸¹÷½º,129.162202881886,35.1601770763519
429850,½ºÅ¸¹÷½º,126.896859894016,37.5338162535295
431510,½ºÅ¸¹÷½º,129.036230437511,35.1550012950882
432360,½ºÅ¸¹÷½º,127.120508852575,37.5065444620512
435224,½ºÅ¸¹÷½º,127.05625242638901,37.4472723955747
437203,½ºÅ¸¹÷½º¿°Ã¢¿ªÁ¡,126.87452635372,37.547274247042296
437322,½ºÅ¸¹÷½º¸¶Æ÷ÀÌ¸¶Æ®Á¡,126.953346488998,37.542421791058295
437366,½ºÅ¸¹÷½º¸íµ¿ÀÔ±¸Á¡,126.982258687479,37.5632273331076
437512,½ºÅ¸¹÷½º¾à¼ö¿ªÁ¡,127.01071622933998,37.5554228939156
437520,½ºÅ¸¹÷½º,126.980582926744,37.5591131321314
437661,½ºÅ¸¹÷½º¼þ½Ç´ëÀÔ±¸¿ªÁ¡,126.952704694419,37.4968681980081
437881,½ºÅ¸¹÷½ºÇö´ëµðÅ¥ºêB2Á¡,126.888484621418,37.508058038284105
438048,½ºÅ¸¹÷½º½ÅÃÌ¿À°Å¸®Á¡,126.93466360149598,37.5551666257155
438133,½ºÅ¸¹÷½º,126.99033643077,37.564368932638104
438225,½ºÅ¸¹÷½º,126.964069882556,37.5598884579046
438447,½ºÅ¸¹÷½º,129.234970505052,35.3237482824346
438662,½ºÅ¸¹÷½º¿µµîÆ÷½Å±æDTÁ¡,126.91005961849899,37.5045648097649
438847,½ºÅ¸¹÷½º´ëÄ¡»ç°Å¸®Á¡,127.05881553706499,37.5033568327036
439294,½ºÅ¸¹÷½º,129.052578034968,35.163919371925004
439660,½ºÅ¸¹÷½º,127.011922479411,37.508614488461795
440252,½ºÅ¸¹÷½º,129.162272831696,35.1604648472611
440873,½ºÅ¸¹÷½º,127.06015953382901,37.4989974073525
441577,½ºÅ¸¹÷½º,129.124131131116,35.1812140717086
441608,½ºÅ¸¹÷½º,127.133078371911,37.5365615358794
442310,½ºÅ¸¹÷½º,129.21102711507,35.1840720054714
442677,½ºÅ¸¹÷½ººÎ»êÀç¼ÛDT,129.124131131116,35.1812140717086
442920,½ºÅ¸¹÷½º,126.973615890497,37.557088497428104
443513,½ºÅ¸¹÷½ºµ¿ºÎ»êDT,129.21102711507,35.1840720054714
444674,½ºÅ¸¹÷½º,127.01884212683399,37.590829620739704
445041,½ºÅ¸¹÷½ºÇÕÁ¤Á¡,126.91204590555799,37.5500407049077
445520,½ºÅ¸¹÷½ºÀ»¼÷µµ°­º¯DTÁ¡,128.959639977562,35.1154475120822
446227,½ºÅ¸¹÷½º¾Ð±¸Á¤Á¡,127.029541735527,37.526322072252796
446254,½ºÅ¸¹÷½º,126.883859005074,37.4814335948223
446471,½ºÅ¸¹÷½º±¤¾ÈºñÄ¡,129.11774096458,35.1531049335463
447499,½ºÅ¸¹÷½º,127.01644066132499,37.565940863069
449910,½ºÅ¸¹÷½º,126.96500010525101,37.4761982963166
452229,½ºÅ¸¹÷½º¼º½Å¿©´ëÁ¤¹®,127.01884212683399,37.590829620739704
452751,½ºÅ¸¹÷½º,126.97990239274598,37.5708388183663
452895,½ºÅ¸¹÷½º,127.010920838672,37.5347996427069
453078,½ºÅ¸¹÷½ºÄ¿ÇÇ¸¶Æ÷¿°¸®,126.94746278019699,37.5439913688051
453213,½ºÅ¸¹÷½º,126.916882222676,37.5278654998234
453317,½ºÅ¸¹÷½º,127.021108114965,37.6183841817231
453520,½ºÅ¸¹÷½º,127.014972083703,37.569154356118005
453553,½ºÅ¸¹÷½º,129.11774096458,35.1531049335463
453799,½ºÅ¸¹÷½º,126.868376108501,37.5259149373251
454011,½ºÅ¸¹÷½º,126.86311230232201,37.5350639785405
455640,½ºÅ¸¹÷½º,126.95812885181401,37.5069358330654
456684,½ºÅ¸¹÷½º,127.030693855019,37.49235279858821
457372,½ºÅ¸¹÷½º,126.840442028048,37.5669203191806
465203,½ºÅ¸¹÷½º,127.107405691887,37.5146007564183
465214,½ºÅ¸¹÷½ºÄ¿ÇÇ¼­°­´ëÈï¿ª,126.94155205656,37.5482545237074
470562,½ºÅ¸¹÷½º,129.063037211547,35.157049580457
470657,½ºÅ¸¹÷½º,126.98075850417901,37.5603490764434
473473,½ºÅ¸¹÷½º¾çÃµÇâ±³¿ª,126.84055856385,37.5674350512757
473474,½ºÅ¸¹÷½º,126.863169824979,37.535001459722
473477,½ºÅ¸¹÷½º,126.94746278019699,37.5439913688051
474036,½ºÅ¸¹÷½º,126.97223809158899,37.5428580456495
475909,½ºÅ¸¹÷½º,127.00613308162201,37.559637334572
476485,½ºÅ¸¹÷½º,126.924872251138,37.5292630435403
476741,½ºÅ¸¹÷½º,127.022506036871,37.5218849410754
477926,½ºÅ¸¹÷½º,127.04181932969101,37.5252509543256
478369,½ºÅ¸¹÷½º,126.97039214150699,37.5248570913299
478872,½ºÅ¸¹÷½º,126.86881902233101,37.5205579957556
481062,½ºÅ¸¹÷½º,126.95219031444599,37.4818791585149
481285,½ºÅ¸¹÷½º,126.905019084861,37.526755944545606
481324,½ºÅ¸¹÷½º,126.98655264751301,37.493523177117
481628,½ºÅ¸¹÷½º,129.06138484985502,35.1962835154483
481867,½ºÅ¸¹÷½º,126.94155205656,37.5482545237074
482691,½ºÅ¸¹÷½º,128.959562347489,35.1153760139958
484187,½ºÅ¸¹÷½º,126.95220514258999,37.4816269954237
484335,½ºÅ¸¹÷½º,126.931678534065,37.549418048525
485263,½ºÅ¸¹÷½º,127.05644099938101,37.5221789486327
486094,½ºÅ¸¹÷½º,129.110570722879,35.1471946665657
486468,½ºÅ¸¹÷½º,127.022582353053,37.507360608755995
486907,½ºÅ¸¹÷½º,127.051102662847,37.568495187971
487162,½ºÅ¸¹÷½º,126.93050216113501,37.566797454407
488338,½ºÅ¸¹÷½º,127.00719164478501,37.5651606310157
488487,½ºÅ¸¹÷½º,127.050725248402,37.593766447768104
488655,½ºÅ¸¹÷½º,129.114500472629,35.1657722223676
490069,½ºÅ¸¹÷½º,127.120565823608,37.5065088438119
490170,½ºÅ¸¹÷½ººÎ»êÀç¼ÛDT,129.12400002163,35.181260357632
490416,½ºÅ¸¹÷½ºµ¿ºÎ»êDT,129.21083005414602,35.1841100307052
506258,½ºÅ¸¹÷½º,126.898645735596,37.4715797313437
506280,½ºÅ¸¹÷½º,126.97513986945499,37.5565521000357
507038,½ºÅ¸¹÷½º¾ÆÅ©·ÎÈú½º³íÇö,127.04035282204599,37.509020089374204
507099,½ºÅ¸¹÷½º,127.02406214788799,37.566544740194104
507262,½ºÅ¸¹÷½º,127.02930198531601,37.607612382103895
507514,½ºÅ¸¹÷½º,127.120744114354,37.4845512962666
507919,½ºÅ¸¹÷½º,127.019520989445,37.514850016339395
508043,½ºÅ¸¹÷½º,126.82898701343201,37.560391911309
508643,½ºÅ¸¹÷½º,126.903216919415,37.448870700207706
509777,½ºÅ¸¹÷½º,127.052010174093,37.5915602101229
510156,½ºÅ¸¹÷½º½Å¼¼°èº»Á¡5F,126.98096592536301,37.5609095133129
510838,½ºÅ¸¹÷½º,127.098885013703,37.515779517438396
512593,½ºÅ¸¹÷½º,129.098943540848,35.123116344351104
514672,½ºÅ¸¹÷½º,127.12487230133101,37.4796170833121
515469,½ºÅ¸¹÷½º,127.14374389224501,37.478547924507
515561,½ºÅ¸¹÷½º,127.04595802357201,37.5183012998145
515796,½ºÅ¸¹÷½º,129.08069049691798,35.1880724097837
516344,½ºÅ¸¹÷½º,126.919574282578,37.5302599014954
518634,½ºÅ¸¹÷½º,129.110444877987,35.1468172367236
518673,½ºÅ¸¹÷½º,126.983663297339,37.5664831848697
519669,½ºÅ¸¹÷½º,126.919789644121,37.6203564387311
521607,½ºÅ¸¹÷½º,127.027700663957,37.5679083090213
521687,½ºÅ¸¹÷½º,126.89650510613701,37.48338151459271
522338,½ºÅ¸¹÷½º,126.91988220878099,37.6202221317245
522651,½ºÅ¸¹÷½º,127.00681633008001,37.5064271601893
523316,½ºÅ¸¹÷½º,126.853258269858,37.5615852559942
523320,½ºÅ¸¹÷½º,126.943833500618,37.588659503927204
523475,½ºÅ¸¹÷½º,127.098885013703,37.515779517438396
523780,½ºÅ¸¹÷½º,129.09895499486998,35.123152296228106
524103,½ºÅ¸¹÷½ºÄ¿ÇÇ°­³²´ë·Î½Å»ç,127.019520989445,37.514850016339395
524410,½ºÅ¸¹÷½º¾çÃµÇâ±³¿ª,126.840442028048,37.5669203191806
524610,½ºÅ¸¹÷½º,129.029733589058,35.098394706438896
29761,½ºÅ¸¹÷½º,128.5966770941,35.8675078052018
30440,½ºÅ¸¹÷½º´ë±¸¹ý¿øÁ¡,128.627769586325,35.864537244460294
30861,½ºÅ¸¹÷½º,128.533791042123,35.82279130566079
37210,½ºÅ¸¹÷½º¿ï»ê»ï»êÅ¸¿öÁ¡,129.336798688725,35.5395324314302
38202,½ºÅ¸¹÷½ºÀÎÃµÃ»¶óÅ¸¿öµ¼,126.652014362971,37.533888075538705
41481,½ºÅ¸¹÷½º,126.914596669305,35.1473415964027
42813,½ºÅ¸¹÷½º,128.520117204754,35.850711377161396
43632,½ºÅ¸¹÷½º,128.588412240712,35.887909412476795
45217,½ºÅ¸¹÷½º,127.43806102246599,36.349936397084896
46685,½ºÅ¸¹÷½º,127.400514029135,36.3994576638341
46797,½ºÅ¸¹÷½º,126.85344761203001,35.1520334733201
47418,½ºÅ¸¹÷½º,126.70751646732201,37.451559814110105
48905,½ºÅ¸¹÷½º,126.824777749032,35.19040987165079
49934,½ºÅ¸¹÷½º,127.426601920943,36.3279454723366
51645,½ºÅ¸¹÷½º,126.819507827656,35.1911337975241
54136,½ºÅ¸¹÷½º,126.918247489114,35.1467883403093
54386,½ºÅ¸¹÷½º,128.46425782696699,35.8591602989892
63717,½ºÅ¸¹÷½º,126.650653848885,37.3975739615739
65127,½ºÅ¸¹÷½º,128.613093969858,35.9071192167271
68835,½ºÅ¸¹÷½º,128.600745342969,35.8695515591633
69257,½ºÅ¸¹÷½º´ëÀüÈ£ÅÚ,127.38760866242201,36.3590975393155
72672,½ºÅ¸¹÷½º,129.298381303248,35.5505786540484
74166,½ºÅ¸¹÷½º,126.868574512463,35.212784555950996
74798,½ºÅ¸¹÷½º,128.594172940819,35.867294885000604
75781,½ºÅ¸¹÷½º,127.380612151158,36.3533475658435
76614,½ºÅ¸¹÷½º,127.38953279170299,36.3509871361072
77406,½ºÅ¸¹÷½º,126.701008677583,37.446208388577496
78870,½ºÅ¸¹÷½º,127.438044823728,36.3661408027969
84474,½ºÅ¸¹÷½º,127.436724938484,36.3513630967449
85143,½ºÅ¸¹÷½º,126.716208183935,37.5123210624832
85973,½ºÅ¸¹÷½º¼ö¼º¹ü¾î¿ªÁ¡,128.62306437030702,35.8589735422265
86731,½ºÅ¸¹÷½º,128.556504905216,35.858254712294
87949,½ºÅ¸¹÷½º,128.613094188458,35.8611609632535
89097,½ºÅ¸¹÷½º,128.6531987141,35.8800936416114
92609,½ºÅ¸¹÷½º,128.727471953237,35.8708880148835
93116,½ºÅ¸¹÷½º´ëÀü½ºÅ¸ÀÏ¸¶ÄÏ,127.43669956546302,36.3502454253977
93863,½ºÅ¸¹÷½º´ë±¸½ÃÁöÁ¡,128.708057529235,35.8395029502229
95850,½ºÅ¸¹÷½º,128.595804756402,35.8693147787515
96342,½ºÅ¸¹÷½º´ë±¸¹ü¾îÁ¦´Ï½º,128.62828425151,35.861001374714
97913,½ºÅ¸¹÷½º,126.866181845862,35.171569122051004
99218,½ºÅ¸¹÷½º,128.597859928811,35.8672405415574
99429,½ºÅ¸¹÷½º¼Û¸²Æ®·¹ÀÌ´õ½º,126.660334215495,37.483047919250396
109330,½ºÅ¸¹÷½º,128.639769954725,35.922041004033204
109896,½ºÅ¸¹÷½º,127.377260977952,36.3502388670403
110228,½ºÅ¸¹÷½º,127.339567187139,36.354551739186896
112288,½ºÅ¸¹÷½º,128.49381114830098,35.8558517742415
112316,½ºÅ¸¹÷½º,126.848842022929,35.1548742291197
113386,½ºÅ¸¹÷½º,127.383550861569,36.3480363811137
114545,½ºÅ¸¹÷½º,126.91731953858401,35.148078055964
115926,½ºÅ¸¹÷½º,128.51032515716003,35.8550707246958
116962,½ºÅ¸¹÷½º,126.721973525401,37.5271063759005
118612,½ºÅ¸¹÷½º,129.289647722612,35.535503305037
118774,½ºÅ¸¹÷½º,128.650236123286,35.8563689649214
119013,½ºÅ¸¹÷½ºµ¿¾Ï¿ª,126.702311007793,37.47155978311471
119361,½ºÅ¸¹÷½º,129.337321870326,35.53849914043221
119369,½ºÅ¸¹÷½º,129.260215897732,35.5424661748374
120946,½ºÅ¸¹÷½º,127.38976577047801,36.425286842483004
122377,½ºÅ¸¹÷½º,126.676372792805,37.5422818254116
123376,½ºÅ¸¹÷½º,126.87840433334999,35.1776410561905
124088,½ºÅ¸¹÷½º,128.579976552168,35.8353041044139
124382,½ºÅ¸¹÷½º,126.72519684577401,37.5165271141991
125145,½ºÅ¸¹÷½º,127.33793514307699,36.298566067006504
125405,½ºÅ¸¹÷½º,129.367350543941,35.5886081327382
127229,½ºÅ¸¹÷½º,128.62625435726298,35.8661675298147
129050,½ºÅ¸¹÷½º,126.721976300472,37.493777355067394
129347,½ºÅ¸¹÷½º,126.84335333676201,35.2146103759596
129361,½ºÅ¸¹÷½º,128.63640918329,35.9879714511258
129747,½ºÅ¸¹÷½º,126.65202400738899,37.5320951581792
129902,½ºÅ¸¹÷½ºÀÎÃµ°¥»êDT,126.73208043024799,37.5188447761935
130136,½ºÅ¸¹÷½º,128.536681609756,35.8444644422954
130280,½ºÅ¸¹÷½º,126.93018309285601,35.144613784913396
131216,½ºÅ¸¹÷½º,127.387897278192,36.34642746069179
131842,½ºÅ¸¹÷½º¿ùÆòÆ®·¹ÀÌ´õ½º,127.362928278008,36.3576977454764
133634,½ºÅ¸¹÷½º,128.556894236453,35.837927980525706
136526,½ºÅ¸¹÷½º,128.536549606963,35.8182813761888
136994,½ºÅ¸¹÷½º,126.85765771020701,35.142130961854704
137019,½ºÅ¸¹÷½º,126.914920529911,35.1493996685685
139360,½ºÅ¸¹÷½º,128.608571351382,35.8923245720595
140630,½ºÅ¸¹÷½º,126.70216244965599,37.4441847227165
140789,½ºÅ¸¹÷½º,129.428856322972,35.499883147873796
143590,½ºÅ¸¹÷½º±¤ÁÖ½Å¼¼°èÆÐ¼Ç¸ô,126.882076399765,35.1588090209153
148889,½ºÅ¸¹÷½º,127.344641126456,36.360672095575
148967,½ºÅ¸¹÷½º,129.32121188413998,35.5539989584888
151709,½ºÅ¸¹÷½º¼Ûµµ¼¾Æ®·²ÆÄÅ©,126.641856897657,37.393769971245796
153427,½ºÅ¸¹÷½º,126.810316720045,35.1625513632478
154424,½ºÅ¸¹÷½º,129.335105707021,35.539181651796206
155724,½ºÅ¸¹÷½º,126.954287698059,35.1338812530273
160828,½ºÅ¸¹÷½º,126.681109860775,37.4042068908531
166062,½ºÅ¸¹÷½º,127.456286009766,36.3069496982665
169424,½ºÅ¸¹÷½º,126.86406413006901,35.2070005503629
175965,½ºÅ¸¹÷½º,128.635020003562,35.8545305274031
177102,½ºÅ¸¹÷½º,127.39678635876999,36.3350267712959
177209,½ºÅ¸¹÷½º,126.42768975715201,37.458331260033795
181661,½ºÅ¸¹÷½º,128.533504210325,35.8229277788411
184837,½ºÅ¸¹÷½º,129.26284978502,35.547981705293296
185791,½ºÅ¸¹÷½º,126.675424232948,37.593304733721794
186444,½ºÅ¸¹÷½ºÀÎÃµÃ»¶óÅ¸¿öµ¼,126.651369418222,37.5338897214507
213751,½ºÅ¸¹÷½º,126.65031153558901,37.4688688069756
217072,½ºÅ¸¹÷½º,126.699593691084,37.47375545610271
222433,½ºÅ¸¹÷½º,128.62173069978002,35.825703542102104
223032,½ºÅ¸¹÷½º,126.713498247284,37.463257456644705
225132,½ºÅ¸¹÷½º,126.605384610832,37.4544262200223
227173,½ºÅ¸¹÷½º,126.63787935041599,37.451894933397895
230215,½ºÅ¸¹÷½º,126.847697357185,35.2196544264927
240340,½ºÅ¸¹÷½º,128.626337002249,35.8625978671591
245434,½ºÅ¸¹÷½º,126.679848083691,37.4683465393956
251390,½ºÅ¸¹÷½º,128.564950952493,35.8876254696388
255616,½ºÅ¸¹÷½º,126.70126538963899,37.4424719089244
259764,½ºÅ¸¹÷½º,128.39779561065,35.8799670743226
261399,½ºÅ¸¹÷½º,126.72241731235701,37.451938096838
263997,½ºÅ¸¹÷½º,126.68100440922501,37.4482123677319
266132,½ºÅ¸¹÷½º,126.727451017419,37.504351489186796
266861,½ºÅ¸¹÷½º,126.696517171835,37.4731899455232
272183,½ºÅ¸¹÷½º,126.671794959835,37.5018015470379
274355,½ºÅ¸¹÷½º,128.569179181283,35.8454145402468
276543,½ºÅ¸¹÷½º,126.686032435547,37.4605494665566
284326,½ºÅ¸¹÷½º,126.67455100083001,37.517348145887105
285341,½ºÅ¸¹÷½º,127.429330216926,36.4469950405009
291212,½ºÅ¸¹÷½º,126.483780104274,37.7481024152945
309747,½ºÅ¸¹÷½º,128.591851543249,35.866341927814204
309949,½ºÅ¸¹÷½º,127.40880280715,36.3206307062252
345389,½ºÅ¸¹÷½º,126.84241936063299,35.219279577997
345560,½ºÅ¸¹÷½º,126.636899053684,37.399389451438104
345675,½ºÅ¸¹÷½º,126.91249820969101,35.1772038179806
345711,½ºÅ¸¹÷½º,128.640375439966,35.821080998401
345817,½ºÅ¸¹÷½º,127.37729761340799,36.361026993874795
345915,½ºÅ¸¹÷½º,126.724894260238,37.493088063368
345977,½ºÅ¸¹÷½º,126.72296615767901,37.496743441853205
346142,½ºÅ¸¹÷½º,128.537986712625,35.849208606898706
346193,½ºÅ¸¹÷½º,127.31955887860501,36.3734737429302
346270,½ºÅ¸¹÷½º,128.628603754871,35.8762230054311
346456,½ºÅ¸¹÷½º,126.680697063593,37.4637787831324
346457,½ºÅ¸¹÷½º,128.591953455867,35.8874864191681
346809,½ºÅ¸¹÷½º,126.70140395171002,37.4494925033669
346900,½ºÅ¸¹÷½º,126.65496887223,37.4518383950045
346953,½ºÅ¸¹÷½º,126.847947452692,35.147483394240396
347179,½ºÅ¸¹÷½º,128.622700469374,35.8379205058804
349636,½ºÅ¸¹÷½º,127.37817276323601,36.35186586230329
351980,½ºÅ¸¹÷½º,129.335829216833,35.5395882403357
352035,½ºÅ¸¹÷½º,126.641856897657,37.393769971245796
352133,½ºÅ¸¹÷½º,127.362928278008,36.3576977454764
355709,½ºÅ¸¹÷½º,126.895187410411,35.1786696488865
355785,½ºÅ¸¹÷½º,129.43134802935,35.521665052324295
355928,½ºÅ¸¹÷½º,129.310840278266,35.5334181045392
356081,½ºÅ¸¹÷½º,126.724490519331,37.4915609612653
356084,½ºÅ¸¹÷½º,126.830044896848,35.179148592653604
356167,½ºÅ¸¹÷½º,126.914330094527,35.1227852661879
356242,½ºÅ¸¹÷½º,128.561558096915,35.858871143345496
356407,½ºÅ¸¹÷½º,127.42764069277099,36.3290680062403
356409,½ºÅ¸¹÷½º,127.377796432561,36.3529544138761
356412,½ºÅ¸¹÷½º,126.84792665269899,35.153630633302996
356680,½ºÅ¸¹÷½º,126.879901057815,35.1605646581878
356697,½ºÅ¸¹÷½º,126.89731713459801,35.1258045842139
356769,½ºÅ¸¹÷½º,127.39263051878599,36.4254546590999
357911,½ºÅ¸¹÷½º,126.722106046514,37.4914721186081
358899,½ºÅ¸¹÷½º,126.660334215495,37.483047919250396
361132,½ºÅ¸¹÷½º,126.72482219528798,37.399460394205704
364208,½ºÅ¸¹÷½º,128.593808814093,35.8674679365005
366775,½ºÅ¸¹÷½º,128.593364622387,35.867298879815394
369410,½ºÅ¸¹÷½º,127.26181227434401,36.4802331481955
370487,½ºÅ¸¹÷½º,126.734177433202,37.5072079502966
374086,½ºÅ¸¹÷½º,126.734995187174,37.5398339232411
374403,½ºÅ¸¹÷½º,127.250987935817,36.4708921174436
377477,ÆÄ½ºÅ¸¹÷½º,126.928696866868,35.149161700753496
377610,½ºÅ¸¹÷½º,127.382003013439,36.367675586322
382717,½ºÅ¸¹÷½º,128.56053133214,35.942563418242
383996,½ºÅ¸¹÷½º,128.50410353283502,35.85516909294861
384380,½ºÅ¸¹÷½º¿ï»ê³²±¸Ã»DT,129.324689883737,35.544172600405204
385328,½ºÅ¸¹÷½º,126.879638628172,35.1268593322891
385384,½ºÅ¸¹÷½º¹Ý¿ù´ç,128.591851543249,35.866341927814204
386387,½ºÅ¸¹÷½º¿ï»êÁß¸®»ç°Å¸®DT,129.338613299786,35.5438836373558
386612,½ºÅ¸¹÷½º,127.39047149728201,36.3763440126597
386837,½ºÅ¸¹÷½º,129.359221697871,35.3590273657614
387076,½ºÅ¸¹÷½º,126.632570192138,37.4523652237971
387481,½ºÅ¸¹÷½º,127.444425210613,36.3542831488655
388066,½ºÅ¸¹÷½º,128.627266518866,35.868145155244
388291,½ºÅ¸¹÷½º,128.624450557562,35.835243502286296
388329,½ºÅ¸¹÷½º,126.91444081488399,35.1747694714569
389224,½ºÅ¸¹÷½º,128.52025410299498,35.8072395535126
394968,½ºÅ¸¹÷½º,126.854471109981,35.154963638621304
396478,½ºÅ¸¹÷½º,128.533754474213,35.8437744420661
397713,½ºÅ¸¹÷½º,127.393558448866,36.337588016126396
398837,½ºÅ¸¹÷½º,129.322680954482,35.5413735592559
401369,½ºÅ¸¹÷½º,126.749327395789,37.4241044471327
403578,½ºÅ¸¹÷½º,126.911146621941,35.1253977939019
404487,½ºÅ¸¹÷½º´ëÀü½ÅÅºÁøDTÁ¡,127.41999194714899,36.4486894209093
405741,½ºÅ¸¹÷½º,127.43669956546302,36.3502454253977
405899,½ºÅ¸¹÷½º±¤ÁÖ¹æ¸²DTÁ¡,126.917635446435,35.134992662464796
405966,½ºÅ¸¹÷½º,126.882076399765,35.1588090209153
406317,½ºÅ¸¹÷½º¿ï»ê³²±¸Ã»DTÁ¡,129.324689883737,35.544172600405204
406410,½ºÅ¸¹÷½º,127.38760866242201,36.3590975393155
406413,½ºÅ¸¹÷½º,128.590042819835,35.8359401163061
406605,½ºÅ¸¹÷½º,128.62828425151,35.861001374714
406707,½ºÅ¸¹÷½º¿ï»êÁß¸®»ç°Å¸®DTÁ¡,129.338613299786,35.5438836373558
407008,½ºÅ¸¹÷½º´ë±¸È²±ÝDTÁ¡,128.625786630133,35.83905817228
408593,½ºÅ¸¹÷½º,128.547898589587,35.92690281445971
409037,½ºÅ¸¹÷½º,129.33210119510701,35.5388723828051
409323,½ºÅ¸¹÷½º,127.429988357803,36.4485212744897
413408,½ºÅ¸¹÷½º,127.387431226361,36.353301603827
413523,½ºÅ¸¹÷½º´ë±¸µµ¿øDTÁ¡,128.54809689407,35.8077287542328
413551,½ºÅ¸¹÷½º¼ÛµµÄ·ÆÛ½ºÅ¸¿î¿ª,126.66511116665001,37.389223244440004
413868,½ºÅ¸¹÷½º,126.72008779770901,37.5176251717302
413982,½ºÅ¸¹÷½º´ëÀüµÐ»ê·ÎÁ¡,127.377273603109,36.354249487712
414511,½ºÅ¸¹÷½º,126.677801052339,37.4150995380404
421748,½ºÅ¸¹÷½º,128.593385222791,35.867091473898505
422522,½ºÅ¸¹÷½º,127.338583838334,36.3311769488524
423084,½ºÅ¸¹÷½º,129.313579756831,35.5371016945147
429966,½ºÅ¸¹÷½º,129.356471000208,35.562431162351295
430237,½ºÅ¸¹÷½º,129.320372278046,35.5532420454865
433476,½ºÅ¸¹÷½º,126.84896168809601,35.1510535001731
437653,½ºÅ¸¹÷½º,128.613945748011,35.8409218949621
438127,½ºÅ¸¹÷½º,128.59436440616003,35.870691922571204
438690,½ºÅ¸¹÷½º,127.24938440647699,36.504101042818796
438854,½ºÅ¸¹÷½º,128.525788251872,35.824277721671706
439711,½ºÅ¸¹÷½º,129.44076133604298,35.6287522776691
439789,½ºÅ¸¹÷½º,127.348926136094,36.303700483042604
440869,½ºÅ¸¹÷½ºÀÎÃµ¼ÛµµDT,126.644265701429,37.3848052477512
440874,½ºÅ¸¹÷½º,128.54808589132298,35.80773781772871
440998,½ºÅ¸¹÷½º,128.613303992908,35.9056219604188
441334,½ºÅ¸¹÷½º,127.393401847791,36.3233023711898
442743,½ºÅ¸¹÷½º,126.791426873367,35.1380362024788
445090,½ºÅ¸¹÷½º±¤ÁÖ¼ÛÁ¤¿ª,126.791426873367,35.1380362024788
445461,½ºÅ¸¹÷½º,126.492641597216,37.4940107916354
445732,½ºÅ¸¹÷½º,128.589726514058,35.8664785623564
447044,½ºÅ¸¹÷½º,127.261123855436,36.5080675903696
447581,½ºÅ¸¹÷½º,126.749816863515,37.423884363997004
456723,½ºÅ¸¹÷½º,129.293942077156,35.531004818007105
457210,½ºÅ¸¹÷½º,128.524383764629,35.8143421535919
457617,½ºÅ¸¹÷½º,128.524351219555,35.814441442261
458332,½ºÅ¸¹÷½º,126.898086272262,35.205467130946005
458405,½ºÅ¸¹÷½º,126.81906001248699,35.20310869005571
459122,½ºÅ¸¹÷½º,128.45901792978,35.6931712047899
459614,½ºÅ¸¹÷½º,126.912349544155,35.1322952417215
460456,½ºÅ¸¹÷½º,127.388647991891,36.3487294898058
461057,½ºÅ¸¹÷½º,127.41741424600299,36.3187983737849
462812,½ºÅ¸¹÷½º,129.441195774978,35.6271247739841
463596,½ºÅ¸¹÷½º,128.618038245302,35.8604776686317
465054,½ºÅ¸¹÷½º,126.690686923358,37.4697646319521
465174,½ºÅ¸¹÷½º,127.35769872839799,36.3622300550635
467524,½ºÅ¸¹÷½º,127.339982922229,36.3514988115428
468350,½ºÅ¸¹÷½º,127.27060258555599,36.5044219087118
470086,½ºÅ¸¹÷½º,126.917746234277,35.1349125265101
471409,½ºÅ¸¹÷½º,127.41745845626001,36.318843651998
471688,½ºÅ¸¹÷½º,128.555373863352,35.8659482489525
3460,½ºÅ¸¹÷½º,127.020087664145,37.2501017782401
21234,½ºÅ¸¹÷½º,126.683329055879,37.654247307349
23366,½ºÅ¸¹÷½º,126.751616105658,37.6679823561386
26362,½ºÅ¸¹÷½º,127.92439781486999,36.972649743369004
27131,½ºÅ¸¹÷½ºÁ¤ÀÚ,127.10629219693399,37.364879690318
51231,½ºÅ¸¹÷½º,127.138865274352,37.6069309398692
52332,½ºÅ¸¹÷½º,126.964668495517,37.3960821601934
52413,½ºÅ¸¹÷½º,127.154576016315,37.4433580851162
54210,½ºÅ¸¹÷½º,127.04857798251498,37.246062945534604
55084,½ºÅ¸¹÷½ºÄ¿ÇÇ¼ö¿ø±¤±³,127.05120391333901,37.290120339692294
67049,½ºÅ¸¹÷½º,127.11044579092,37.401278507530606
71334,½ºÅ¸¹÷½ºµ¿¼ö¿ø,127.03389894210699,37.2781130343329
71394,½ºÅ¸¹÷½º,127.26020005832599,37.409735243374904
77167,½ºÅ¸¹÷½ºÄ¿ÇÇºÐ´ç¼­¿ï´ëº´¿ø4Ãþ,127.124470630558,37.3520220371583
77794,½ºÅ¸¹÷½ºÆÇ±³ÇÏÀÌÆå½º,127.110447392748,37.4020984979811
79623,½ºÅ¸¹÷½º,127.687272903554,37.652323738755705
79747,½ºÅ¸¹÷½º,127.095266677789,37.3222016808726
82164,½ºÅ¸¹÷½º,127.108096227685,37.3249933296323
84488,½ºÅ¸¹÷½º¾ßÅ¾±Û¶ó½º,127.129829942146,37.4108480040811
84974,½ºÅ¸¹÷½º,126.77413636305,37.5037910259875
86333,½ºÅ¸¹÷½º,127.076848689491,37.142308336914795
88431,½ºÅ¸¹÷½º,126.93228249093,37.3583097992139
88813,½ºÅ¸¹÷½º,126.880646185624,37.462598327452795
89363,½ºÅ¸¹÷½º,126.832721991985,37.6336102001311
92694,½ºÅ¸¹÷½º,126.777024513246,37.4979912682125
97126,½ºÅ¸¹÷½º,127.11658679513201,37.380392525885604
97295,½ºÅ¸¹÷½ºÇö´ëÅ²ÅØ½º,126.751616105658,37.6679823561386
101694,½ºÅ¸¹÷½º,126.788064183267,37.6571088791044
101853,½ºÅ¸¹÷½ººÎÃµ¿ª»ç,126.78263424711001,37.4840290791579
103567,½ºÅ¸¹÷½º,127.031214826476,37.2614209425035
105830,½ºÅ¸¹÷½º,126.73732894675899,37.3446575868247
107598,½ºÅ¸¹÷½º,127.05579157160601,37.2451745362739
109670,½ºÅ¸¹÷½º,127.079089929697,37.79465939687479
111327,½ºÅ¸¹÷½º,127.432258044964,36.6265596956502
112591,½ºÅ¸¹÷½ºÃ»ÁÖÁöÀ£¾¾Æ¼,127.425105075506,36.642738132358204
113027,½ºÅ¸¹÷½º,126.83143160384199,37.633534354678204
113388,½ºÅ¸¹÷½º,126.92369516915501,37.39918538578979
116824,½ºÅ¸¹÷½º±èÆ÷Ç³¹«DT,126.72050182595,37.599955990565796
121058,½ºÅ¸¹÷½º,126.93174189577499,37.3606116540182
123306,½ºÅ¸¹÷½º,126.960702698023,37.3929296814883
126600,½ºÅ¸¹÷½º,126.75895834214701,37.6715467476635
129017,½ºÅ¸¹÷½º,127.07420621303001,37.1485504490323
129887,½ºÅ¸¹÷½º,127.120258905034,37.3840602572395
131330,½ºÅ¸¹÷½º,126.77311114669901,37.6567020093843
131691,½ºÅ¸¹÷½º,126.97156195882499,37.298961539019
135195,½ºÅ¸¹÷½º,127.12402092583099,37.385854297475795
137557,½ºÅ¸¹÷½º,127.03353779295901,37.278137118976495
138043,½ºÅ¸¹÷½ºÃ»ÁÖ¼º¾È±æ,127.489402714752,36.6335052636079
138687,½ºÅ¸¹÷½º,127.110727384765,37.2826619109289
139918,½ºÅ¸¹÷½º,127.429616825902,36.625384521156995
141284,½ºÅ¸¹÷½º,127.03289838935899,37.2655346685802
142581,½ºÅ¸¹÷½º,128.493408377372,38.213128237820705
142808,½ºÅ¸¹÷½º,127.12746808049,37.4109297153589
145633,½ºÅ¸¹÷½º,127.069161875958,37.2990124975391
149540,½ºÅ¸¹÷½º,127.00271427825899,37.2674378523607
149688,½ºÅ¸¹÷½ºÇö´ëÃæÃ»,127.426554331926,36.6448629530442
150435,½ºÅ¸¹÷½º,126.75258813734,37.4883289485642
156854,½ºÅ¸¹÷½º,127.45971128309799,36.6339871447744
158503,½ºÅ¸¹÷½º,127.745086615044,37.8727596024213
159835,½ºÅ¸¹÷½º,126.770149415182,37.659680543564704
174133,½ºÅ¸¹÷½º,126.786148315475,37.6439163563375
175681,½ºÅ¸¹÷½ºÄ¿ÇÇ¸¶ÀåÈÞ°Ô¼Ò,127.40847571045401,37.262744409998
176569,½ºÅ¸¹÷½º,127.939911813065,36.9827336746648
177799,½ºÅ¸¹÷½º,127.111395465133,37.397374980418604
178075,½ºÅ¸¹÷½º,127.932913165485,36.970510076009
180116,½ºÅ¸¹÷½º,127.12475401039801,37.3314974163333
182090,½ºÅ¸¹÷½º¿À¸®¿ª»ï°Å¸®,127.10838098932899,37.340043601820504
182261,½ºÅ¸¹÷½º,127.126131428473,37.2709903107511
182852,½ºÅ¸¹÷½º,127.10558437802099,37.3702988413496
182884,½ºÅ¸¹÷½º,126.66794907612899,37.6441906147977
183531,½ºÅ¸¹÷½º,127.10665636594801,37.3503479964361
184151,½ºÅ¸¹÷½ººÐ´çÁ¤ÀÚ,127.10720528516501,37.3716627072825
184579,½ºÅ¸¹÷½º,126.752397733593,37.5052123044618
185318,½ºÅ¸¹÷½º,127.072034880212,37.204609311229206
186049,½ºÅ¸¹÷½º,127.12592898259899,37.385886437451504
186362,½ºÅ¸¹÷½ºÁ¤ÀÚ¾Æµ¥³ª,127.10760396940701,37.3608797851082
191055,½ºÅ¸¹÷½º,127.03129946049499,37.259213962314
191304,½ºÅ¸¹÷½º,126.83072474056401,37.310160717624704
191545,½ºÅ¸¹÷½º,127.11566934642201,37.4037055404319
194482,½ºÅ¸¹÷½º,126.922165542127,37.400315800541
194583,½ºÅ¸¹÷½º,127.099278683706,37.4028789753799
194732,½ºÅ¸¹÷½º,127.215966129307,37.54051991029171
197315,½ºÅ¸¹÷½º,127.074831448715,37.2670952709518
199321,½ºÅ¸¹÷½º,126.80929297345699,37.4835078586476
200287,½ºÅ¸¹÷½º,127.110338230918,37.2946435115567
200962,½ºÅ¸¹÷½º,127.48600234995199,36.63534713712121
201288,½ºÅ¸¹÷½ºÀÌÃµÅÍ¹Ì³Î,127.446334174098,37.278219380447204
201637,½ºÅ¸¹÷½º,126.744458195993,37.7120285598793
202916,½ºÅ¸¹÷½º,127.423268710553,36.71649257700871
203157,½ºÅ¸¹÷½º,127.48995592847601,37.252571373959796
205917,½ºÅ¸¹÷½º,126.777835542948,37.498882676981204
224211,½ºÅ¸¹÷½º,127.23466006379,37.647759795110204
226110,½ºÅ¸¹÷½º,126.833680349106,37.3181913636383
227455,½ºÅ¸¹÷½º,127.04814006604201,37.739586565271296
227920,½ºÅ¸¹÷½º,126.787382470059,37.64397409976829
228466,½ºÅ¸¹÷½º¼ÓÃÊÁß¾Ó·ÎÁ¡,128.589463214419,38.2026214250362
230814,½ºÅ¸¹÷½º,127.14192790548701,37.6006098780667
231375,½ºÅ¸¹÷½ºÆÄÁÖ±Ý¸ª¿ª,126.765931116178,37.7521425603281
234074,½ºÅ¸¹÷½º,127.08331422604601,37.319730822725205
238211,½ºÅ¸¹÷½º,126.94285348097,37.3925281637662
240585,½ºÅ¸¹÷½º,126.95649889206499,37.392306965353605
242770,½ºÅ¸¹÷½º,126.955099032598,37.391456612415
244615,½ºÅ¸¹÷½º,127.10629219693399,37.364879690318
246241,½ºÅ¸¹÷½ºÆÇ±³¿¡ÀÌÄ¡½ºÄù¾î,127.10863878625099,37.401264899024504
247899,½ºÅ¸¹÷½º,127.11422571688699,37.3795278512968
249647,½ºÅ¸¹÷½º,127.10672097855,37.3668022303884
253879,½ºÅ¸¹÷½ºÄ¿ÇÇ¿ëÀÎÃ³ÀÎ±¸Ã»,127.202926246884,37.234749233248
257447,½ºÅ¸¹÷½ºÄ¿ÇÇºÐ´ç¼­¿ï´ëº´¿ø1Ãþ,127.124470630558,37.3520220371583
261822,½ºÅ¸¹÷½º,127.270768046049,37.007516695545796
265708,½ºÅ¸¹÷½º,127.11380627139,37.3777495836705
267175,½ºÅ¸¹÷½º,128.904526194739,37.760727854969204
268821,½ºÅ¸¹÷½º,127.048491475558,37.2986318598714
269156,½ºÅ¸¹÷½º,127.088521198318,36.9919560649725
269771,½ºÅ¸¹÷½º,127.93072034444201,37.343707458196604
272976,½ºÅ¸¹÷½º,127.10720528516501,37.3716627072825
273519,½ºÅ¸¹÷½ºÄ¿ÇÇ¿ªÁ¡,127.154576016315,37.4433580851162
274073,½ºÅ¸¹÷½º,126.742244215322,37.663837258588295
275284,½ºÅ¸¹÷½º,126.90352572615299,37.4308074213261
279156,½ºÅ¸¹÷½º,127.71726044510599,37.8639560859478
279159,½ºÅ¸¹÷½º¿þ½ºÅÏµ¼2,126.772025233806,37.655888808787
279647,½ºÅ¸¹÷½º,127.119741184902,37.3587901131149
283829,½ºÅ¸¹÷½º¼­Çö°ñµçÇÁ¶óÀÚ,127.12168116682699,37.3860441907195
291450,½ºÅ¸¹÷½ºÀÏ»ê,126.76214957853,37.6950605265679
291691,½ºÅ¸¹÷½º,126.966124983447,37.396112925630604
292328,½ºÅ¸¹÷½º,127.05120391333901,37.290120339692294
293908,½ºÅ¸¹÷½º,127.077723024437,37.3912871866278
294550,½ºÅ¸¹÷½º,126.762658313189,37.669900737663
325027,½ºÅ¸¹÷½º,128.47102546062598,38.3792218504065
326659,½ºÅ¸¹÷½º,127.654434431807,36.876466445975105
328661,½ºÅ¸¹÷½º,127.816601464438,37.3069552958556
329619,½ºÅ¸¹÷½º,127.05593729953002,37.9123634981601
330941,½ºÅ¸¹÷½º,129.165409483626,37.443582504588
332513,½ºÅ¸¹÷½º,126.795007538105,37.3307791487073
333404,½ºÅ¸¹÷½º,127.37574806389799,37.0750071973537
337510,½ºÅ¸¹÷½º,127.06879810281099,37.152608132869794
339627,½ºÅ¸¹÷½º,126.900704897531,37.703966164506
348147,½ºÅ¸¹÷½º,126.870393068627,37.6014138330048
352393,½ºÅ¸¹÷½º,129.01029100020799,37.100894569579104
364428,½ºÅ¸¹÷½º,127.36782405858,38.0364656905245
368028,½ºÅ¸¹÷½º,127.478894702405,37.0938884955922
383917,½ºÅ¸¹÷½º,127.20597910556101,37.2370225058939
406852,½ºÅ¸¹÷½º,127.21719871324301,37.2865857608524
414420,½ºÅ¸¹÷½º,127.083303792302,36.995168983839605
415415,½ºÅ¸¹÷½º,128.31840740442,37.9558684267042
428907,½ºÅ¸¹÷½º,127.057157809741,37.0709201510151
429278,½ºÅ¸¹÷½º,126.97440482654899,37.896238266366296
430123,½ºÅ¸¹÷½º,126.92649750652001,36.9861948993652
443111,½ºÅ¸¹÷½º,127.109483121938,37.3508829268316
447912,½ºÅ¸¹÷½º,126.97793844344801,37.216089706293296
480583,½ºÅ¸¹÷½º,126.782259078082,37.4855479665982
541375,½ºÅ¸¹÷½º,127.076744923256,37.2479619506647
541494,½ºÅ¸¹÷½º,127.07316431615601,37.2016084714533
541518,½ºÅ¸¹÷½º,126.762071535382,37.5043049309835
541733,½ºÅ¸¹÷½º,126.837702361526,37.3170955951917
541948,½ºÅ¸¹÷½º,126.69649585713199,37.76892828249
541994,½ºÅ¸¹÷½º,126.748181643883,37.6754062943114
542039,½ºÅ¸¹÷½º,127.727566445736,37.8800367182363
542387,½ºÅ¸¹÷½º,126.83823309335101,37.3009356381822
542971,½ºÅ¸¹÷½º,126.762620578976,37.5053018204542
543243,½ºÅ¸¹÷½º,126.929426266681,37.365483516782206
543387,½ºÅ¸¹÷½º,127.11035502415399,37.3200273231764
543407,½ºÅ¸¹÷½º,127.027940721346,37.2679270087441
543516,½ºÅ¸¹÷½º,126.83760956719401,37.318725615195795
543639,½ºÅ¸¹÷½º,126.851233957869,37.3086405515635
544091,½ºÅ¸¹÷½º,127.144579914734,37.827346390543
544095,½ºÅ¸¹÷½º,126.776686468284,37.6529188514065
544097,½ºÅ¸¹÷½º,127.931103954128,37.343851860227
544102,½ºÅ¸¹÷½º,127.062970174592,37.066478624207605
544333,½ºÅ¸¹÷½º,126.78499237515499,37.3311723031685
544421,½ºÅ¸¹÷½º,127.07046112864201,37.7529105967189
544555,½ºÅ¸¹÷½º,127.242879817216,37.654066088747
544604,½ºÅ¸¹÷½º,127.043374246075,37.2796407394145
545344,½ºÅ¸¹÷½º,127.124470630558,37.3520220371583
548402,½ºÅ¸¹÷½º,126.76277481877199,37.669027981152894
549734,½ºÅ¸¹÷½º,128.70554181103398,37.6509528563083
551022,½ºÅ¸¹÷½º,126.765931116178,37.7521425603281
551050,½ºÅ¸¹÷½º,127.61237886156601,37.2459435784652
551351,½ºÅ¸¹÷½º,127.40847571045401,37.262744409998
551572,½ºÅ¸¹÷½º,127.202926246884,37.234749233248
552577,½ºÅ¸¹÷½º,127.446334174098,37.278219380447204
552823,½ºÅ¸¹÷½º,127.425105075506,36.642738132358204
558659,½ºÅ¸¹÷½º,127.074307905351,37.2555211345615
558963,½ºÅ¸¹÷½º,127.10826050008801,37.3492788002539
559506,½ºÅ¸¹÷½º,127.090993898199,37.3359645416191
559619,½ºÅ¸¹÷½º,126.717908744303,37.6184166524856
559642,½ºÅ¸¹÷½º,127.109965378981,37.3253227844391
559681,½ºÅ¸¹÷½º,126.684155535897,37.6542925703564
559799,½ºÅ¸¹÷½º,126.865816880901,37.4752337731782
560127,½ºÅ¸¹÷½º,127.949284286612,37.3304614888291
560306,½ºÅ¸¹÷½º,126.81214407153401,37.6779239733226
560345,½ºÅ¸¹÷½º,127.1093341034,37.3386541002106
560465,½ºÅ¸¹÷½º,126.772025233806,37.655888808787
560552,½ºÅ¸¹÷½º,127.123273300056,37.3879933232474
562050,½ºÅ¸¹÷½º,127.129837212323,37.412172637737896
562560,½ºÅ¸¹÷½º,128.948708774863,37.771399898754
564290,½ºÅ¸¹÷½º,127.10760396940701,37.3608797851082
567248,½ºÅ¸¹÷½º,126.990991690637,37.428297536729296
568019,½ºÅ¸¹÷½º,127.083286992129,36.9918887250817
568430,½ºÅ¸¹÷½º,126.72050182595,37.599955990565796
570907,½ºÅ¸¹÷½º,127.047503987337,37.2794397582259
576049,½ºÅ¸¹÷½º,126.775299219556,37.5025326300427
577341,½ºÅ¸¹÷½º,127.123365273643,37.647976425047105
578307,½ºÅ¸¹÷½º,128.896189398253,37.7545474684864
583715,½ºÅ¸¹÷½º,127.063787852902,37.208320034429704
587059,½ºÅ¸¹÷½º,126.787123286945,37.6738400054866
587896,½ºÅ¸¹÷½º,126.812841950909,37.3031525784688
589484,½ºÅ¸¹÷½º,126.76756668708,37.6774214943807
589794,½ºÅ¸¹÷½º,126.74405057490299,37.6615679464144
590619,½ºÅ¸¹÷½º,127.07971205197599,37.214365058365004
594047,½ºÅ¸¹÷½º,127.49293391366501,36.6662702690272
597682,½ºÅ¸¹÷½º,127.446063287967,36.6176305896674
601653,½ºÅ¸¹÷½º,126.628265452666,37.6443214773566
605027,½ºÅ¸¹÷½º,127.141399637783,37.4442813117988
606385,½ºÅ¸¹÷½º,126.903477644844,37.4310052075979
607515,½ºÅ¸¹÷½º,128.309595918605,37.57374985338821
607777,½ºÅ¸¹÷½º,127.079186323404,37.3140579753161
607915,½ºÅ¸¹÷½º,127.753329976084,37.419659012171
608142,½ºÅ¸¹÷½ºÄ¿ÇÇ½Å¿µÅëDT,127.062969243552,37.234427409057005
608640,½ºÅ¸¹÷½º,126.76427260552099,37.496335807497296
612170,½ºÅ¸¹÷½º,126.90541841602501,37.709641361307895
612721,½ºÅ¸¹÷½º,128.584417728286,38.189906927363296
612734,½ºÅ¸¹÷½º,127.04023721328699,37.758506942246896
614290,½ºÅ¸¹÷½º,126.837584262633,37.6582109691828
614717,½ºÅ¸¹÷½º,126.66950224102501,37.6441450727534
626809,½ºÅ¸¹÷½ºÆòÃÌ,126.959654114481,37.3829997169345
628058,½ºÅ¸¹÷½ºÄ¿ÇÇ¹é¼®Áß¾Ó·Î,126.79166242527,37.640675249519
631241,½ºÅ¸¹÷½º,127.10832367334,37.394495445351204
632570,½ºÅ¸¹÷½º,127.051330555461,37.2458777783015
634229,½ºÅ¸¹÷½ºµ¿,127.03389894210699,37.2781130343329
634318,½ºÅ¸¹÷½ºÃ»ÁÖºÀ¸íDTÁ¡,127.464487304694,36.6467247656095
635201,½ºÅ¸¹÷½º,127.03389894210699,37.2781130343329
635993,½ºÅ¸¹÷½º,127.426554331926,36.6448629530442
639460,½ºÅ¸¹÷½º,127.062969243552,37.234427409057005
639468,½ºÅ¸¹÷½º,126.888487384904,37.6639635882283
640381,½ºÅ¸¹÷½º,127.05706619190701,37.8889556390198
640749,½ºÅ¸¹÷½º,127.10838098932899,37.340043601820504
641375,½ºÅ¸¹÷½º,126.869351444047,37.4740061844987
641486,½ºÅ¸¹÷½º,127.11404535918001,37.3631809101417
642105,½ºÅ¸¹÷½º,127.141210551309,37.2746059227893
642373,½ºÅ¸¹÷½º,127.129829942146,37.4108480040811
643562,½ºÅ¸¹÷½º°­¿ø´ëÁ¡2,127.745086615044,37.8727596024213
646265,½ºÅ¸¹÷½º,127.73932355908998,37.8566635924656
646360,½ºÅ¸¹÷½ºÄ¿ÇÇÇà½Å¿ª,126.83445529795799,37.6140301122387
654378,½ºÅ¸¹÷½º,127.1124236677,37.650399497477395
655987,½ºÅ¸¹÷½º,127.489402714752,36.6335052636079
662681,½ºÅ¸¹÷½º,127.73926661138701,37.8566995076552
663061,½ºÅ¸¹÷½ºÄ¿ÇÇ¿øÁÖÇõ½Åµµ½Ã,127.9804201497,37.3234330261885
663180,½ºÅ¸¹÷½º,127.22372317625299,37.5454278745332
675353,½ºÅ¸¹÷½º,127.750622483813,37.87942104995471
676904,½ºÅ¸¹÷½ºÄ¿ÇÇ°í¾ç»ï¼Û,126.891605618914,37.663875799668496
680661,½ºÅ¸¹÷½º,128.52786734361402,38.2077347097235
680747,½ºÅ¸¹÷½º,126.85431548708,37.479907356330294
682999,½ºÅ¸¹÷½º,127.170970943612,37.240350977769396
684183,½ºÅ¸¹÷½º,127.141255958052,37.27457921929379
684390,½ºÅ¸¹÷½º,127.427720099762,36.712476700732005
684784,½ºÅ¸¹÷½º¿ëÀÎ½ÃÃ»DT,127.170970943612,37.240350977769396
685088,½ºÅ¸¹÷½º,127.203971498869,37.5383762366936
685235,½ºÅ¸¹÷½º,127.047475279802,37.7223987112482
685315,½ºÅ¸¹÷½º,127.057018997622,37.8890904107706
686302,½ºÅ¸¹÷½ºÄ¿ÇÇÈ­¼ºº´Á¡DT,127.038215646567,37.212647690916796
687398,½ºÅ¸¹÷½º,127.75053160332399,37.8794028368605
691861,½ºÅ¸¹÷½º,126.73707905333299,37.3797779153363
692349,½ºÅ¸¹÷½º,127.98082636437599,37.323397048067
694239,½ºÅ¸¹÷½º¾È¾çÈ£°èDT,126.956008381885,37.3665951766858
695244,½ºÅ¸¹÷½º,127.46454291031,36.6467700759567
703998,½ºÅ¸¹÷½º,126.75695248538901,37.6918973851795
705974,½ºÅ¸¹÷½º,127.19036022094,37.723106173652894
706623,½ºÅ¸¹÷½º,127.122378467301,37.3950060790646
708014,½ºÅ¸¹÷½º,127.04758881672501,37.722390618312296
708336,½ºÅ¸¹÷½º,127.228377082264,37.5671108241735
708438,½ºÅ¸¹÷½º°úÃµÀÌ¸¶Æ®,126.99184346775499,37.4262864228926
709828,½ºÅ¸¹÷½º,127.930244824767,37.3331100843841
713871,½ºÅ¸¹÷½º,126.89122285369899,37.663701008219704
713949,½ºÅ¸¹÷½º,127.049103601337,36.954763402308295
714154,½ºÅ¸¹÷½º,127.0339086067,37.2658853308425
714236,½ºÅ¸¹÷½º,126.833382328198,37.6326796704319
714563,½ºÅ¸¹÷½º,127.113541933167,37.3954087241489
714776,½ºÅ¸¹÷½º,126.763930504863,37.504054089301206
715736,½ºÅ¸¹÷½º,126.879138379837,37.4348676964553
716528,½ºÅ¸¹÷½º,127.18319459686501,37.569636183496705
718153,½ºÅ¸¹÷½º,127.038215646567,37.212647690916796
718245,½ºÅ¸¹÷½º,126.879157751348,37.4350841329572
719213,½ºÅ¸¹÷½ºÄ¿ÇÇ¿øÁÖÇõ½Åµµ½Ã,127.98082636437599,37.323397048067
719262,½ºÅ¸¹÷½º,127.79290458390801,36.808802775428795
719831,½ºÅ¸¹÷½º,127.228377082264,37.5671108241735
720237,½ºÅ¸¹÷½º,126.83445529795799,37.6140301122387
721078,½ºÅ¸¹÷½º,126.789458045377,37.4892801670587
723154,½ºÅ¸¹÷½ºÄ¿ÇÇ¹é¼®Áß¾Ó·Î,126.792719281985,37.6439837869027
724555,½ºÅ¸¹÷½ºÄ¿ÇÇ°í¾ç»ï¼Û,126.89122285369899,37.663701008219704
724951,½ºÅ¸¹÷½º,128.52867585314698,38.2105871479139
725042,½ºÅ¸¹÷½º,127.149970868897,37.383872069218704
16931,½ºÅ¸¹÷½º,126.29003467177401,33.2067610874865
23298,½ºÅ¸¹÷½º,129.346082187814,35.998159159576105
26164,½ºÅ¸¹÷½º,127.12709820982401,36.7959209895002
27292,½ºÅ¸¹÷½ºÁøÁÖ½Å¾È,128.06821600978398,35.1843291279513
63270,½ºÅ¸¹÷½º,126.507510079769,33.2493927575423
74201,½ºÅ¸¹÷½º,128.094704373482,35.1787764686924
77169,½ºÅ¸¹÷½º,127.10645979474701,35.8148690267866
77676,½ºÅ¸¹÷½º,129.026750326323,35.335637969732204
77910,½ºÅ¸¹÷½º,127.14854712302099,35.8134349618452
77945,½ºÅ¸¹÷½º,126.686046044988,35.94572931758079
78735,½ºÅ¸¹÷½º,128.904188396615,35.2436296932733
84943,½ºÅ¸¹÷½º,127.140021996153,36.474578089693296
86245,½ºÅ¸¹÷½º,126.93555163732701,33.4628587540748
90294,½ºÅ¸¹÷½º,128.082992898389,35.192937667772604
91194,½ºÅ¸¹÷½ºÄ¿ÇÇÁ¦ÁÖ¿ë´ãDT,126.484562504204,33.512386325943396
92337,½ºÅ¸¹÷½º,129.014322160022,35.328730218266294
92575,½ºÅ¸¹÷½º,129.212482328985,35.842123809371294
92685,½ºÅ¸¹÷½º,128.323605784907,36.122237450682896
93697,½ºÅ¸¹÷½º,128.752194422001,35.8305010360545
96800,½ºÅ¸¹÷½º,127.09000312225001,36.201133776009605
97877,½ºÅ¸¹÷½º,126.42725658476999,34.807395032453
99906,½ºÅ¸¹÷½º,126.63904531648899,36.8911905822951
104597,½ºÅ¸¹÷½º,129.281630980767,35.8469309745428
106004,½ºÅ¸¹÷½º,129.214971258551,35.8340322328761
106038,½ºÅ¸¹÷½º,128.812395761419,35.9077659745719
106104,½ºÅ¸¹÷½º,126.448794639594,36.7766273249225
107001,½ºÅ¸¹÷½º,128.086373021666,34.941149113582
109601,½ºÅ¸¹÷½º,129.339532387376,36.025323733408705
110864,½ºÅ¸¹÷½º,127.52096446937401,34.971930909956995
118684,½ºÅ¸¹÷½º,129.268702990016,35.853277926124605
127255,½ºÅ¸¹÷½º,128.341593755036,36.1176540004314
130070,½ºÅ¸¹÷½º,128.611920151948,35.254438347653
133127,½ºÅ¸¹÷½º,128.691836251825,34.8935421784619
134003,½ºÅ¸¹÷½º,128.418026693366,34.887138556452996
134127,½ºÅ¸¹÷½º,128.418501811212,36.1080275774405
144940,½ºÅ¸¹÷½º,126.703068681142,35.9654896641617
145138,½ºÅ¸¹÷½º,129.342007305048,36.0181762846682
159136,½ºÅ¸¹÷½º,128.420706545794,36.1069833686445
162139,½ºÅ¸¹÷½º,129.398185374267,36.0815756366978
165894,½ºÅ¸¹÷½º,128.702129171454,36.563534091862
166347,½ºÅ¸¹÷½º,126.56207904435301,33.247799722158696
169172,½ºÅ¸¹÷½º,128.812848765955,35.1764377900262
169264,½ºÅ¸¹÷½º,128.622209108859,34.8907813931519
175590,½ºÅ¸¹÷½º,128.07760409110398,36.759391857346294
178735,½ºÅ¸¹÷½º,128.75308613183398,35.83702099541539
180077,½ºÅ¸¹÷½º,128.731135458866,36.5663788047207
180755,½ºÅ¸¹÷½º,127.11095630918699,36.810039831840896
181884,½ºÅ¸¹÷½ºÁøÁÖÄ¥¾ÏDT,128.092559512946,35.175334620737
185987,½ºÅ¸¹÷½º,129.36411606044902,36.038727313703205
188192,½ºÅ¸¹÷½º,127.11694733217199,35.825113310981
190228,½ºÅ¸¹÷½º,126.525294207395,33.5133377606684
192480,½ºÅ¸¹÷½º,129.21299154270798,35.863929547874605
192561,½ºÅ¸¹÷½º,129.402721491374,35.9642725781496
193116,½ºÅ¸¹÷½º,128.58329729319,35.2381468860574
194311,½ºÅ¸¹÷½ºÁ¦ÁÖÁß¹®DT,126.415952645099,33.2551032223451
197561,½ºÅ¸¹÷½º,128.702559175529,34.8434854746981
211036,½ºÅ¸¹÷½º,128.385992381022,36.1014040356926
213229,½ºÅ¸¹÷½ºÃµ¾ÈÅÍ¹Ì³ÎÁ¡,127.157847011274,36.8193206968498
221901,½ºÅ¸¹÷½º,129.39764299770098,35.9925045113993
230090,½ºÅ¸¹÷½º,128.06821600978398,35.1843291279513
230278,½ºÅ¸¹÷½º,127.110633451233,35.805769688797795
231788,½ºÅ¸¹÷½º,128.681869634408,35.2298525521455
233531,½ºÅ¸¹÷½º,126.434950087988,34.7969931630834
234694,½ºÅ¸¹÷½ºÃ¢¿ø¸®º£¶ó,128.680518270439,35.223261814727294
251597,½ºÅ¸¹÷½º,128.65442882741698,35.2396761736486
261700,½ºÅ¸¹÷½º,127.111120649965,35.805737239414
274423,½ºÅ¸¹÷½º,127.016275490968,36.783890665581296
276258,½ºÅ¸¹÷½º,126.481913420112,33.4878132664154
282120,½ºÅ¸¹÷½º¼­±ÍÆ÷DT,126.506514043571,33.2492816226172
308957,½ºÅ¸¹÷½º,127.15655060441999,35.849751170512
312136,½ºÅ¸¹÷½º,126.804014150373,36.0855756974115
312709,½ºÅ¸¹÷½º,127.03769870990699,36.927727477457
313185,½ºÅ¸¹÷½º,126.7161283579,35.0311155236741
313978,½ºÅ¸¹÷½º,127.751162524685,35.070654738845
320341,½ºÅ¸¹÷½º,126.959362602124,35.936053723471105
323775,½ºÅ¸¹÷½º,126.629133287987,36.89089640911129
324136,½ºÅ¸¹÷½º,128.70840585497498,35.6504009869103
324866,½ºÅ¸¹÷½º,127.28128890205,35.6154306393208
327373,½ºÅ¸¹÷½º,128.464910070227,36.5417047952553
330156,½ºÅ¸¹÷½º,128.521186188454,36.102974272704294
348077,½ºÅ¸¹÷½º,127.14171045751301,35.3770177443875
366887,½ºÅ¸¹÷½º,129.124228518373,36.557642696988
371620,½ºÅ¸¹÷½º,126.584651096546,36.8112573554709
377524,½ºÅ¸¹÷½º,128.529828301277,35.4563159972849
379507,½ºÅ¸¹÷½º,129.406413129019,36.539121026610395
382348,½ºÅ¸¹÷½º,126.881739294016,36.852892128408705
384839,½ºÅ¸¹÷½º,126.66736340385,36.8167908123851
386850,½ºÅ¸¹÷½º,128.46900470282802,35.554863366469604
412237,½ºÅ¸¹÷½º,129.100541002318,35.8526737016232
413970,½ºÅ¸¹÷½º,127.688497416836,34.9410058538164
452659,½ºÅ¸¹÷½º,129.026391983595,35.3368758889141
452701,½ºÅ¸¹÷½º,128.72010384857901,35.8349247755725
498656,½ºÅ¸¹÷½º,128.871703114334,35.2615443861886
498668,½ºÅ¸¹÷½º,127.10932869738899,35.8156023530942
498935,½ºÅ¸¹÷½º,129.37699419787901,36.055018529671
499174,½ºÅ¸¹÷½º,126.48048924973999,33.4849558726493
499380,½ºÅ¸¹÷½º,127.14029328948799,36.825413114936794
499450,½ºÅ¸¹÷½º,126.717190988493,35.9642174924261
499456,½ºÅ¸¹÷½º,128.332740344245,36.1281880083274
499468,½ºÅ¸¹÷½º,128.86753101809998,35.237173578877
499744,½ºÅ¸¹÷½º,128.558650771826,35.1784537621347
499947,½ºÅ¸¹÷½º,128.105693486615,35.1524362314855
500020,½ºÅ¸¹÷½º,128.896478282159,35.2279396663375
500222,½ºÅ¸¹÷½º,127.667124909884,34.7598317702435
500409,½ºÅ¸¹÷½º,127.704213092834,34.7528687537789
500713,½ºÅ¸¹÷½º,127.12681208239701,35.842941178071705
501217,½ºÅ¸¹÷½º,128.68447905406,35.222689623727206
502041,½ºÅ¸¹÷½º,126.41572441918001,33.2552626003895
504091,½ºÅ¸¹÷½º,129.362970765005,36.0366584914366
515144,½ºÅ¸¹÷½º,128.242993506809,35.6821554492804
517599,½ºÅ¸¹÷½º,128.68397783690702,35.224486268437296
517666,½ºÅ¸¹÷½º,129.285961262697,35.838827359137895
518026,½ºÅ¸¹÷½º,128.586613716382,35.2195977051254
518269,½ºÅ¸¹÷½º,126.49087474975401,33.4860384523681
518285,½ºÅ¸¹÷½º,127.134827243925,36.833997592528796
518990,½ºÅ¸¹÷½º,128.616434570126,34.891063221422804
519152,½ºÅ¸¹÷½º,128.809906623197,35.1011080689809
519161,½ºÅ¸¹÷½º,129.34893728069798,36.0127632066289
519389,½ºÅ¸¹÷½º,127.144484592614,35.819760379042705
528384,½ºÅ¸¹÷½º,128.068018226682,35.1841579654961
532301,½ºÅ¸¹÷½º,126.484562504204,33.512386325943396
534010,½ºÅ¸¹÷½º,127.839406699543,35.2773508356254
537516,½ºÅ¸¹÷½º,128.680518270439,35.223261814727294
558279,½ºÅ¸¹÷½º,129.360291156119,36.0176278116843
558934,½ºÅ¸¹÷½º,128.683458540689,35.2201984741674
567168,½ºÅ¸¹÷½º,126.37325700506399,34.8086500365469
570067,½ºÅ¸¹÷½º,126.415952645099,33.2551032223451
571524,½ºÅ¸¹÷½º,128.1175803147,36.1324679871875
573496,½ºÅ¸¹÷½º,126.47170397580601,35.62519496592021
573583,½ºÅ¸¹÷½º,127.116133662159,35.834616144257005
574321,½ºÅ¸¹÷½º,128.059664599662,35.1720830537265
575032,½ºÅ¸¹÷½º,128.092910301488,35.1748656025693
577151,½ºÅ¸¹÷½º,126.506514043571,33.2492816226172
586828,½ºÅ¸¹÷½º,128.41956256013,36.138307265685
597098,½ºÅ¸¹÷½º°æÁÖÅÍ¹Ì³ÎDTÁ¡,129.203291217681,35.8382145194912
597756,½ºÅ¸¹÷½º,126.973761629247,35.958114848305605
604927,½ºÅ¸¹÷½º,128.163397251189,36.414125828448206
607112,½ºÅ¸¹÷½º,128.566139817552,36.2337171007492
607313,½ºÅ¸¹÷½º±èÇØÀÌ¸¶Æ®,128.87200026790399,35.2297680278418
607369,½ºÅ¸¹÷½º»ï¼ºÃ¢¿øº´¿ø,128.592023140039,35.2429721685033
608917,½ºÅ¸¹÷½º,128.87200026790399,35.2297680278418
609359,½ºÅ¸¹÷½º½Å¼¼°è,128.87200026790399,35.2297680278418
610397,½ºÅ¸¹÷½º,127.69734991278798,34.768880553489105
611796,½ºÅ¸¹÷½º,128.937898780475,35.9624969608349
614793,½ºÅ¸¹÷½º,128.092822410068,35.1748115834474
620938,½ºÅ¸¹÷½º,127.812414386588,35.62630658488779
637156,½ºÅ¸¹÷½º,127.161501852425,36.8202747250111
643356,½ºÅ¸¹÷½º,127.523253256472,34.968162790907996
644546,½ºÅ¸¹÷½º,127.69752513348601,34.768763794098504
644972,½ºÅ¸¹÷½º,128.18167383236602,36.116543120924796
646205,½ºÅ¸¹÷½º,127.161354772108,36.8203998509694
648103,½ºÅ¸¹÷½º,126.48253667786501,33.4816902383332
648439,½ºÅ¸¹÷½º,129.550042099659,35.9819082273811
652270,½ºÅ¸¹÷½º,126.66863932575501,36.7054521868323
654162,½ºÅ¸¹÷½º,129.351585235559,35.992428476574105
654237,½ºÅ¸¹÷½º,127.008566889613,36.7743734913569
654326,½ºÅ¸¹÷½º,127.69800601105499,34.7687108978007
654422,½ºÅ¸¹÷½º,128.761751565446,35.84149099414
654640,½ºÅ¸¹÷½º½Å¼¼°è,128.8722704521,35.2293514378907
655387,½ºÅ¸¹÷½º±èÇØÀÌ¸¶Æ®,128.8722704521,35.2293514378907
665658,½ºÅ¸¹÷½º,126.433526831041,36.939236508490005
666429,½ºÅ¸¹÷½º,128.277309169869,36.6076365491051
666786,½ºÅ¸¹÷½º,128.736913289353,35.8273239066947
668222,½ºÅ¸¹÷½º,128.788377890421,36.0394340091816
668589,½ºÅ¸¹÷½º,126.41985887340799,34.803919022140306
671455,½ºÅ¸¹÷½º,127.551006613855,34.9333728138962
671722,½ºÅ¸¹÷½º,128.597327600716,35.1706251253777
672110,½ºÅ¸¹÷½º,129.384294200035,36.0744910631733
673181,½ºÅ¸¹÷½º,126.28436266308901,33.291790714250396
673763,½ºÅ¸¹÷½º,126.920632326286,33.4497462306293
676475,½ºÅ¸¹÷½º,126.932769283529,36.7731138818661
680092,½ºÅ¸¹÷½º,127.179857712341,36.83012632298829
687179,½ºÅ¸¹÷½º,129.384272791293,36.074536371708795
